id,first_name,last_name,email,gender,country,city,postal_code,phone
1,Justus,Dionsetti,jdionsetti0@apache.org,Male,France,Limoges,87046 CEDEX 1,9321140635
2,Calvin,Loudian,cloudian1@yahoo.co.jp,Male,France,Orléans,45979 CEDEX 9,8926555220
3,Gale,Grishkov,ggrishkov2@vkontakte.ru,Female,France,Nevers,58017 CEDEX,1259997507
4,Saul,Vittle,svittle3@google.fr,Male,France,Aubenas,07204 CEDEX,3498482906
5,Petey,Gery,pgery4@jigsy.com,Male,France,Pontivy,56309 CEDEX,4303864877
6,Bell,Ourry,bourry5@istockphoto.com,Female,France,Saint-Étienne-du-Rouvray,76804 CEDEX,7334467307
7,Cally,Weatherhead,cweatherhead6@ow.ly,Female,France,Paris 17,75817 CEDEX 17,2317252647
8,Almeta,Scopyn,ascopyn7@noaa.gov,Female,France,Briey,54154 CEDEX,8815642040
9,Allyn,Bamber,abamber8@cocolog-nifty.com,Male,France,Roubaix,59073 CEDEX 1,7163641219
10,Ly,Camillo,lcamillo9@spiegel.de,Male,France,Marseille,13298 CEDEX 20,9668126456
11,Hyacinthia,Levesley,hlevesleya@gnu.org,Female,France,Cergy-Pontoise,95011 CEDEX,6553489362
12,Odie,Gatheridge,ogatheridgeb@addtoany.com,Male,France,Molsheim,67124 CEDEX,3445603084
13,Jakob,Cossans,jcossansc@xinhuanet.com,Male,France,Blois,41904 CEDEX 9,1875730672
14,Temp,Coath,tcoathd@sphinn.com,Male,France,Rouen,76040 CEDEX,8223779853
15,Tisha,Balazin,tbalazine@diigo.com,Female,France,Limoges,87930 CEDEX 9,3117836536
16,Reinhard,Goodchild,rgoodchildf@ox.ac.uk,Male,France,Chaumont,52915 CEDEX 9,2578048588
17,Shelly,Torbet,storbetg@meetup.com,Female,France,La Seyne-sur-Mer,83514 CEDEX,6046959562
18,Misty,Lyon,mlyonh@360.cn,Female,France,Lyon,69939 CEDEX 20,1492120887
19,Xena,Saintpierre,xsaintpierrei@usda.gov,Female,France,Villeneuve-sur-Lot,47304 CEDEX,4859599786
20,Berget,Ivatts,bivattsj@marriott.com,Female,France,Wasquehal,59449 CEDEX,2915919032
21,Homer,Brownhill,hbrownhillk@xing.com,Male,France,Châtellerault,86104 CEDEX,9988957270
22,Darius,Truter,dtruterl@yahoo.com,Male,France,Boulogne-Billancourt,92645 CEDEX,8356356132
23,Kimball,Caunce,kcauncem@canalblog.com,Male,France,La Rochelle,17029 CEDEX 1,1474139593
24,Danni,Docwra,ddocwran@cocolog-nifty.com,Female,France,Montfavet,84147 CEDEX,2492573806
25,Josh,Kenset,jkenseto@bing.com,Male,France,Blagnac,31709 CEDEX,9603242767
26,Ardyth,Brazil,abrazilp@shinystat.com,Female,France,Laval,53022 CEDEX 9,2902916402
27,Elianore,Touson,etousonq@dailymotion.com,Female,France,Saint-Pierre-Montlimart,49117 CEDEX,5237198800
28,Nicky,Bishop,nbishopr@wikispaces.com,Male,France,Mougins,06254 CEDEX,1597026810
29,Corrie,Egar,cegars@mapquest.com,Female,France,La Ferté-Bernard,72404 CEDEX,3963867092
30,Marilin,Sokell,msokellt@gnu.org,Female,France,Sarreguemines,57204 CEDEX,2916884572
31,Conant,Ruspine,cruspineu@yolasite.com,Male,France,Mantes-la-Jolie,78718 CEDEX,9656740548
32,Kendrick,Stansell,kstansellv@google.pl,Male,France,Paris 09,75318 CEDEX 09,8769117200
33,Marsha,Featenby,mfeatenbyw@ebay.co.uk,Female,France,Saint-Germain-en-Laye,78105 CEDEX,6649289088
34,Sherwynd,Noton,snotonx@amazon.de,Male,France,Aubergenville,78415 CEDEX,4741916541
35,Hort,Dominetti,hdominettiy@deliciousdays.com,Male,France,Toulouse,31931 CEDEX 9,9303326642
36,Gabriella,D'Aulby,gdaulbyz@kickstarter.com,Female,France,Montpellier,34038 CEDEX 1,8649613809
37,Ciel,Masding,cmasding10@xrea.com,Female,France,Villefranche-sur-Mer,06234 CEDEX,2366133019
38,Hieronymus,Dewicke,hdewicke11@baidu.com,Male,France,Paris 09,75318 CEDEX 09,1065918859
39,Norri,Scolts,nscolts12@discuz.net,Female,France,Toulouse,31019 CEDEX 2,3119312109
40,Aldrich,Kubu,akubu13@ibm.com,Male,France,Montceau-les-Mines,71309 CEDEX,4229632555
41,Jordain,Hurford,jhurford14@freewebs.com,Female,France,Carrières-sur-Seine,78424 CEDEX,4104425775
42,Muffin,Spicer,mspicer15@shutterfly.com,Male,France,Créteil,94019 CEDEX,3066162094
43,Gaspard,Coneau,gconeau16@odnoklassniki.ru,Male,France,Guérande,44356 CEDEX,2048502212
44,Dex,Boyer,dboyer17@nasa.gov,Male,France,Mérignac,33699 CEDEX,5209706665
45,Rosie,Sewart,rsewart18@dagondesign.com,Female,France,Lyon,69464 CEDEX 06,4101595367
46,Mackenzie,Clewlowe,mclewlowe19@sbwire.com,Male,France,Noyal-sur-Vilaine,35538 CEDEX,7606030172
47,Evangeline,Chesser,echesser1a@yandex.ru,Female,France,Antony,92169 CEDEX,4877724551
48,Forbes,Mulligan,fmulligan1b@irs.gov,Male,France,Marseille,13281 CEDEX 06,4037346945
49,Johnette,Molder,jmolder1c@msn.com,Female,France,Blaye,33394 CEDEX,8649071381
50,Celie,Rolin,crolin1d@census.gov,Female,France,Sainte-Geneviève-des-Bois,91709 CEDEX,9367799389
51,Rosetta,Goldin,rgoldin1e@dropbox.com,Female,France,Saint-Maixent-l'École,79404 CEDEX,8677271197
52,Gusta,Wadman,gwadman1f@rambler.ru,Female,France,Hénin-Beaumont,62259 CEDEX,5061588682
53,Susannah,Faunt,sfaunt1g@google.de,Female,France,Blois,41965 CEDEX 9,7981699534
54,Lorrin,Spurden,lspurden1h@unc.edu,Female,France,Toulon,83087 CEDEX 9,4986562806
55,Joyce,Kitteridge,jkitteridge1i@cnn.com,Female,France,Sallanches,74704 CEDEX,9258892956
56,Niko,O'Cullen,nocullen1j@lycos.com,Male,France,Paris 12,75609 CEDEX 12,2805137563
57,Hetty,Russan,hrussan1k@ehow.com,Female,France,Rungis,94659 CEDEX 1,3287486487
58,Johann,Gorvin,jgorvin1l@com.com,Male,France,Saint-Priest,69794 CEDEX,7973677541
59,Trent,Meagh,tmeagh1m@admin.ch,Male,France,Rueil-Malmaison,92855 CEDEX,2131267490
60,Tova,Saywell,tsaywell1n@theglobeandmail.com,Female,France,Chantilly,60637 CEDEX,9904316220
61,Karlotta,Spata,kspata1o@time.com,Female,France,Annecy,74982 CEDEX 9,6064334799
62,Averill,Fiddy,afiddy1p@gmpg.org,Male,France,Lucé,28114 CEDEX,1788711910
63,Henrieta,Mynett,hmynett1q@shop-pro.jp,Female,France,Pau,64039 CEDEX,5805154840
64,Dalli,Imlin,dimlin1r@indiatimes.com,Male,France,Marne-la-Vallée,77316 CEDEX 2,5214526235
65,Dav,Woloschinski,dwoloschinski1s@sourceforge.net,Male,France,Le Havre,76059 CEDEX,2115076008
66,Janeta,Strathearn,jstrathearn1t@oaic.gov.au,Female,France,Ivry-sur-Seine,94209 CEDEX,6659602996
67,Christos,Henniger,chenniger1u@google.cn,Male,France,Issoudun,36104 CEDEX,7005536337
68,Rosaline,Jorin,rjorin1v@baidu.com,Female,France,Vitry-sur-Seine,94409 CEDEX,1545190339
69,Ban,Reinbech,breinbech1w@chicagotribune.com,Male,France,Albertville,73209 CEDEX,6355341641
70,Andi,Ballay,aballay1x@seesaa.net,Female,France,Forbach,57609 CEDEX,7859195902
71,Barbabra,Tester,btester1y@state.gov,Female,France,Marseille,13444 CEDEX 06,3581651433
72,Marigold,Starcks,mstarcks1z@so-net.ne.jp,Female,France,Rueil-Malmaison,92848 CEDEX,3509263983
73,Forrest,Morriarty,fmorriarty20@cbc.ca,Male,France,Strasbourg,67073 CEDEX,5392000059
74,Padgett,Sausman,psausman21@hhs.gov,Male,France,Rungis,94575 CEDEX 2,1635965968
75,Barbabra,Tunnoch,btunnoch22@goodreads.com,Female,France,Troyes,10014 CEDEX,4477156897
76,Chan,McCrone,cmccrone23@harvard.edu,Male,France,La Rochelle,17004 CEDEX 1,3252195530
77,Deb,Gason,dgason24@usatoday.com,Female,France,Clermont-Ferrand,63057 CEDEX 1,7716111285
78,Emelen,Pashley,epashley25@scribd.com,Male,France,Toulon,83077 CEDEX 9,7274868048
79,Trista,Ortell,tortell26@washington.edu,Female,France,Aubenas,07204 CEDEX,8896415796
80,Noah,Layland,nlayland27@ocn.ne.jp,Male,France,Fresnes,94264 CEDEX,7205985190
81,Dean,Dimitru,ddimitru28@hubpages.com,Male,France,Paris 11,75522 CEDEX 11,4699469735
82,Kliment,Hiskey,khiskey29@fda.gov,Male,France,Niort,79099 CEDEX 9,1956053693
83,Minna,Lissandri,mlissandri2a@washingtonpost.com,Female,France,Nice,06182 CEDEX 2,8797044824
84,Tristam,O'Geaney,togeaney2b@jigsy.com,Male,France,Meylan,38244 CEDEX,9189217475
85,Benedict,Cecely,bcecely2c@mac.com,Male,France,Dunkerque,59640,4197177010
86,Isidore,Danick,idanick2d@sakura.ne.jp,Male,France,Bagnolet,93175 CEDEX,2356244458
87,Valina,Drinnan,vdrinnan2e@scientificamerican.com,Female,France,Sarreguemines,57204 CEDEX,3377545318
88,Baird,Bratchell,bbratchell2f@purevolume.com,Male,France,Cergy-Pontoise,95021 CEDEX,1803071947
89,Dre,Cardinal,dcardinal2g@csmonitor.com,Female,France,Paris 09,75455 CEDEX 09,3596234920
90,Pamelina,Giroldi,pgiroldi2h@sciencedaily.com,Female,France,Saint-Priest-en-Jarez,42275 CEDEX,8539399085
91,Alissa,Barmadier,abarmadier2i@tumblr.com,Female,France,Alençon,61015 CEDEX,8399719620
92,Karmen,Goodere,kgoodere2j@domainmarket.com,Female,France,Angers,49033 CEDEX 01,6551905651
93,Emory,Matyatin,ematyatin2k@hatena.ne.jp,Male,France,Nice,06173 CEDEX 2,9435330048
94,Alexandros,Drake,adrake2l@senate.gov,Male,France,Chartres,28034 CEDEX,7259575717
95,Dorelle,Cheatle,dcheatle2m@gov.uk,Female,France,Lomme,59463 CEDEX,4188621943
96,Dolley,Norgate,dnorgate2n@arstechnica.com,Female,France,Boulogne-Billancourt,92511 CEDEX,6526570324
97,Samson,Bromilow,sbromilow2o@etsy.com,Male,France,Loudun,86206 CEDEX,1083311630
98,Dede,Brassington,dbrassington2p@nhs.uk,Female,France,Berck,62604 CEDEX,7691559780
99,Falito,Gostall,fgostall2q@upenn.edu,Male,France,Le Mans,72091 CEDEX 9,8656045096
100,Chad,Kubal,ckubal2r@dagondesign.com,Female,France,Vaulx-en-Velin,69519 CEDEX,2163694122
101,Elston,Brierly,ebrierly2s@reddit.com,Male,France,Pessac,33604 CEDEX,9525092931
102,Lauralee,Ferreri,lferreri2t@ebay.co.uk,Female,France,Saint-Gaudens,31804 CEDEX,3622863288
103,Noach,Tremmil,ntremmil2u@liveinternet.ru,Male,France,Lille,59024 CEDEX,7314528332
104,Georgi,Boteman,gboteman2v@indiegogo.com,Male,France,Kingersheim,68264 CEDEX,9738095840
105,Lorilyn,Lamke,llamke2w@google.nl,Female,France,Sélestat,67609 CEDEX,7917222962
106,Sterne,Blewmen,sblewmen2x@baidu.com,Male,France,Toulouse,31079 CEDEX 5,2536741004
107,Hort,Harverson,hharverson2y@marketwatch.com,Male,France,Angers,49010 CEDEX 01,9745548397
108,Maribeth,Polfer,mpolfer2z@uol.com.br,Female,France,Lyon,69212 CEDEX 03,4432414104
109,Roslyn,McAlinden,rmcalinden30@dion.ne.jp,Female,France,Béziers,34545 CEDEX,9259125886
110,Maggy,Loudian,mloudian31@creativecommons.org,Female,France,Béziers,34504 CEDEX,7011726353
111,Becca,Balderson,bbalderson32@yandex.ru,Female,France,Metz,57052 CEDEX 02,6777825018
112,Saunder,Le Galle,slegalle33@bluehost.com,Male,France,Cluses,74311 CEDEX,5405772858
113,Ilene,Brawson,ibrawson34@icio.us,Female,France,Moissy-Cramayel,77554 CEDEX,5562311892
114,Vickie,Whymark,vwhymark35@wunderground.com,Female,France,Maromme,76152 CEDEX,6223647360
115,Benjy,Reddington,breddington36@economist.com,Male,France,Montpellier,34186 CEDEX 4,2751696253
116,Dianne,Collyer,dcollyer37@addthis.com,Female,France,Fosses,95479 CEDEX,4181293091
117,Launce,Eagleton,leagleton38@pagesperso-orange.fr,Male,France,Poitiers,86093 CEDEX 9,6241426538
118,Cesaro,Spensly,cspensly39@qq.com,Male,France,Castelnaudary,11493 CEDEX,8481203486
119,Gilles,Dron,gdron3a@admin.ch,Male,France,Meylan,38244 CEDEX,3639027622
120,Roldan,Udell,rudell3b@mtv.com,Male,France,Digne-les-Bains,04990 CEDEX 9,1079965461
121,Leshia,Stilgo,lstilgo3c@sphinn.com,Female,France,Pau,64004 CEDEX,2406984163
122,Willette,Ballantine,wballantine3d@discuz.net,Female,France,Clermont-Ferrand,63019 CEDEX 2,6352569741
123,Adamo,Beville,abeville3e@zdnet.com,Male,France,Orsay,91851 CEDEX,6928817659
124,Barnett,Yglesias,byglesias3f@newyorker.com,Male,France,Lagny-sur-Marne,77404 CEDEX,6439089796
125,Rosaleen,MacKenny,rmackenny3g@google.com.br,Female,France,Épinal,88084 CEDEX 9,2259557553
126,Jacinta,Wallas,jwallas3h@hao123.com,Female,France,Aulnay-sous-Bois,93616 CEDEX,3984998325
127,Brena,Fardo,bfardo3i@ifeng.com,Female,France,Villefranche-sur-Mer,06239 CEDEX,2965902045
128,Barbette,Doneld,bdoneld3j@xing.com,Female,France,Labège,31673 CEDEX,2508006823
129,Virgil,Mahaddie,vmahaddie3k@tuttocitta.it,Male,France,Saverne,67704 CEDEX,4775499884
130,Maiga,Hoodless,mhoodless3l@paginegialle.it,Female,France,Thaon-les-Vosges,88154 CEDEX,2908845860
131,Alanson,Calley,acalley3m@cafepress.com,Male,France,Laval,53009 CEDEX,9597599009
132,Adair,Southerell,asoutherell3n@ezinearticles.com,Male,France,Nanterre,92885 CEDEX 9,1642897827
133,Dov,Jephson,djephson3o@taobao.com,Male,France,Aix-en-Provence,13540,9886637009
134,Hollyanne,Testro,htestro3p@imageshack.us,Female,France,Colmar,68020 CEDEX,6216167196
135,Channa,Carratt,ccarratt3q@tinypic.com,Female,France,Roissy Charles-de-Gaulle,95915 CEDEX 2,5284873329
136,Melania,Piperley,mpiperley3r@independent.co.uk,Female,France,Évreux,27095 CEDEX 9,7845345004
137,Dorette,Setterington,dsetterington3s@canalblog.com,Female,France,Paris 12,75562 CEDEX 12,4247565124
138,Katharyn,Wrennall,kwrennall3t@instagram.com,Female,France,Lyon,69907 CEDEX 20,5159139411
139,Herbert,Devenny,hdevenny3u@uol.com.br,Male,France,Nantes,44019 CEDEX 1,1218051863
140,Lynn,Makepeace,lmakepeace3v@tmall.com,Male,France,Bourg-en-Bresse,01004 CEDEX,6855845936
141,Rebecca,Easum,reasum3w@so-net.ne.jp,Female,France,Sarrebourg,57404 CEDEX,3317775615
142,Vernor,Dispencer,vdispencer3x@nyu.edu,Male,France,Rueil-Malmaison,92504 CEDEX,7348031672
143,Tarah,Lubomirski,tlubomirski3y@soundcloud.com,Female,France,Limoges,87015 CEDEX 1,3256918641
144,Alfred,Skrzynski,askrzynski3z@cdc.gov,Male,France,Paris 14,75693 CEDEX 14,9823978183
145,Jaquenetta,Jedrzejewski,jjedrzejewski40@uol.com.br,Female,France,Paris 08,75367 CEDEX 08,7529790580
146,Tome,Apperley,tapperley41@nyu.edu,Male,France,Avignon,84092 CEDEX 9,1533084534
147,Anna-diana,Arnal,aarnal42@mediafire.com,Female,France,Amiens,80891 CEDEX 3,4362020209
148,Glen,Tabrett,gtabrett43@infoseek.co.jp,Male,France,Lacroix-Saint-Ouen,60618 CEDEX,8253137823
149,Laraine,Hutchcraft,lhutchcraft44@disqus.com,Female,France,Marseille,13568 CEDEX 02,3185234342
150,Valentin,Angrick,vangrick45@linkedin.com,Male,France,Évry,91009 CEDEX,2515850163
151,Trish,Sloper,tsloper46@wufoo.com,Female,France,Châteauroux,36029 CEDEX,2757825930
152,Lemar,Walasik,lwalasik47@hhs.gov,Male,France,Sedan,08209 CEDEX,3612279552
153,Herve,Milverton,hmilverton48@cisco.com,Male,France,Bobigny,93005 CEDEX,2123043255
154,Tasha,Blacksland,tblacksland49@cnbc.com,Female,France,Saint-Claude,39209 CEDEX,4041879305
155,Betti,Gauden,bgauden4a@discovery.com,Female,France,Nuits-Saint-Georges,21704 CEDEX,6539666469
156,Cesya,Vowdon,cvowdon4b@yellowbook.com,Female,France,Châteaudun,28205 CEDEX,7643554558
157,Corrianne,Minichillo,cminichillo4c@oakley.com,Female,France,Brie-Comte-Robert,77254 CEDEX,3222877705
158,Dorothy,Gerlts,dgerlts4d@domainmarket.com,Female,France,Charleville-Mézières,08013 CEDEX,3085371703
159,Florri,Jellybrand,fjellybrand4e@pen.io,Female,France,Caluire-et-Cuire,69649 CEDEX,6415403497
160,Cy,Sirl,csirl4f@51.la,Male,France,Évreux,27036 CEDEX,9565083004
161,Emmey,Simonassi,esimonassi4g@lulu.com,Female,France,Labège,31678 CEDEX,5087611304
162,Bartlett,Kondratovich,bkondratovich4h@naver.com,Male,France,Amiens,80020 CEDEX 9,5668418012
163,Amelita,Eakle,aeakle4i@histats.com,Female,France,Orléans,45063 CEDEX 2,6103853061
164,Nero,Rhoddie,nrhoddie4j@abc.net.au,Male,France,Toulouse,31079 CEDEX 5,7728256422
165,Geraldine,Churching,gchurching4k@wikipedia.org,Female,France,Rodez,12020 CEDEX 9,2959688055
166,Alan,Varnham,avarnham4l@cbsnews.com,Male,France,Eybens,38327 CEDEX,5743824957
167,Talbot,Huggill,thuggill4m@nydailynews.com,Male,France,Nîmes,30935 CEDEX 9,6189875636
168,Jandy,McGenis,jmcgenis4n@mit.edu,Female,France,Paris 08,75396 CEDEX 08,7349387679
169,Ginny,Duncan,gduncan4o@mit.edu,Female,France,Bonneuil-sur-Marne,94384 CEDEX,8701466663
170,Rouvin,Flode,rflode4p@myspace.com,Male,France,Toulouse,31044 CEDEX 9,9406788971
171,Staffard,Kagan,skagan4q@fema.gov,Male,France,Quimper,29193 CEDEX,4484195139
172,Putnem,Chimenti,pchimenti4r@miitbeian.gov.cn,Male,France,Rungis,94631 CEDEX 1,3246063246
173,Jaymee,Suddards,jsuddards4s@eventbrite.com,Female,France,Aulnay-sous-Bois,93604 CEDEX,6283378032
174,Donetta,Boldecke,dboldecke4t@flickr.com,Female,France,Landerneau,29411 CEDEX,7913479887
175,Evita,Bealton,ebealton4u@nhs.uk,Female,France,Guéret,23016 CEDEX,1504354956
176,Scot,Greenhow,sgreenhow4v@jimdo.com,Male,France,Soisy-sous-Montmorency,95234,1181399940
177,Eustacia,Goadsby,egoadsby4w@shinystat.com,Female,France,Villejuif,94804 CEDEX,4737566650
178,Alric,Baylie,abaylie4x@acquirethisname.com,Male,France,Bordeaux,33090 CEDEX,2001793486
179,Melitta,Doag,mdoag4y@i2i.jp,Female,France,Houilles,78804 CEDEX,8303609702
180,Kerri,Vennings,kvennings4z@purevolume.com,Female,France,Colomiers,31774 CEDEX,7792922317
181,Ivie,Tarzey,itarzey50@list-manage.com,Female,France,Blois,41942 CEDEX 9,5082339337
182,Casi,Sygroves,csygroves51@wordpress.org,Female,France,Courbevoie,92404 CEDEX,1502131572
183,Lanie,Gemelli,lgemelli52@google.pl,Female,France,Toulouse,31059 CEDEX 9,8064742378
184,Ileane,Martijn,imartijn53@umich.edu,Female,France,Alençon,61042 CEDEX,2914730700
185,Janos,Kerner,jkerner54@unesco.org,Male,France,Marseille,13316 CEDEX 15,4522805793
186,Kora,O'Hannigan,kohannigan55@amazon.com,Female,France,Perpignan,66013 CEDEX 9,7109864431
187,Rosita,Petroulis,rpetroulis56@joomla.org,Female,France,Paris 09,75318 CEDEX 09,7737170772
188,Merridie,Lethcoe,mlethcoe57@discovery.com,Female,France,Saint-Priest,69794 CEDEX,7181422519
189,Lulita,Lea,llea58@stumbleupon.com,Female,France,Cergy-Pontoise,95072 CEDEX 1,9713355299
190,Shalom,Garrioch,sgarrioch59@slashdot.org,Male,France,Dieppe,76883 CEDEX,7097289253
191,Stacey,Rowen,srowen5a@altervista.org,Female,France,Châlons-en-Champagne,51012 CEDEX,3162819744
192,Ivette,Dugan,idugan5b@baidu.com,Female,France,Sarreguemines,57204 CEDEX,3655819644
193,Manon,Tournie,mtournie5c@goodreads.com,Female,France,Laval,53085 CEDEX 9,4145229058
194,Tera,Trudgion,ttrudgion5d@washingtonpost.com,Female,France,Martigues,13503 CEDEX,7589282067
195,Isiahi,Fahy,ifahy5e@tinyurl.com,Male,France,Cergy-Pontoise,95021 CEDEX,9986800885
196,Joey,Smithson,jsmithson5f@java.com,Male,France,Laval,53080 CEDEX 9,2394887092
197,Miller,Grimsdike,mgrimsdike5g@uol.com.br,Male,France,Caluire-et-Cuire,69644 CEDEX,1109404023
198,Nick,Lofts,nlofts5h@geocities.jp,Male,France,L'Union,31244 CEDEX,7469289605
199,Cora,Westbury,cwestbury5i@chicagotribune.com,Female,France,Beauvais,60006 CEDEX,9853647776
200,Hirsch,D'Aguanno,hdaguanno5j@msu.edu,Male,France,Beaune,21209 CEDEX,8046787243
201,Krishna,Rutherforth,krutherforth5k@newsvine.com,Male,France,Blois,41904 CEDEX 9,8714723023
202,Vinnie,Haizelden,vhaizelden5l@bravesites.com,Female,France,Créteil,94009 CEDEX,2581750009
203,Yettie,Deeprose,ydeeprose5m@mapy.cz,Female,France,Nantes,44101 CEDEX 4,1805368353
204,Livia,Antyukhin,lantyukhin5n@bbc.co.uk,Female,France,Périgueux,24016 CEDEX,8391477400
205,Callean,Gendricke,cgendricke5o@bing.com,Male,France,Quimper,29193 CEDEX,1452204913
206,Delly,Goggan,dgoggan5p@pagesperso-orange.fr,Female,France,Molsheim,67124 CEDEX,2356382110
207,Mace,Timewell,mtimewell5q@tinyurl.com,Male,France,Bastia,20292 CEDEX,4403977264
208,Darius,Pashba,dpashba5r@engadget.com,Male,France,Bollène,84504 CEDEX,9394304086
209,Bryanty,Crysell,bcrysell5s@odnoklassniki.ru,Male,France,Guéret,23016 CEDEX,5924385688
210,Rowney,Hamsher,rhamsher5t@fotki.com,Male,France,Soisy-sous-Montmorency,95234,1969897511
211,Rolph,Helian,rhelian5u@bigcartel.com,Male,France,Créteil,94049 CEDEX,5699916729
212,Lancelot,Merry,lmerry5v@theglobeandmail.com,Male,France,Paris 02,75096 CEDEX 02,9658839071
213,Shane,Setford,ssetford5w@cnn.com,Female,France,Toulon,83087 CEDEX 9,1937913481
214,Karlis,Altree,kaltree5x@symantec.com,Male,France,Pau,64004 CEDEX,1275041702
215,Reeba,Manueli,rmanueli5y@shop-pro.jp,Female,France,Nanterre,92892 CEDEX 9,4621794518
216,Teresa,McGrale,tmcgrale5z@wufoo.com,Female,France,Paris 12,75609 CEDEX 12,1744487361
217,Agnes,Waldren,awaldren60@sphinn.com,Female,France,Lomme,59463 CEDEX,7635811560
218,Kellby,Ferraron,kferraron61@quantcast.com,Male,France,Chalon-sur-Saône,71109 CEDEX,5305344727
219,Selie,Shortland,sshortland62@shinystat.com,Female,France,Limoges,87930 CEDEX 9,8564826090
220,Phip,Timmens,ptimmens63@wp.com,Male,France,Mont-Saint-Aignan,76821 CEDEX,3831232102
221,Vladamir,Ottley,vottley64@ezinearticles.com,Male,France,Paris 13,75706 CEDEX 13,5021645578
222,Roberto,Bratcher,rbratcher65@sourceforge.net,Male,France,Bar-le-Duc,55013 CEDEX,2349203842
223,Ancell,Shoebottom,ashoebottom66@hibu.com,Male,France,Cesson-Sévigné,35513 CEDEX,6517469865
224,Kendrick,Baldi,kbaldi67@google.com.au,Male,France,Roissy Charles-de-Gaulle,95761 CEDEX 1,4005306484
225,Archaimbaud,Marcq,amarcq68@purevolume.com,Male,France,Rungis,94659 CEDEX 1,7175256785
226,Denys,Cropp,dcropp69@cornell.edu,Female,France,Issy-les-Moulineaux,92864 CEDEX 9,2073785472
227,Theresa,Charleston,tcharleston6a@lulu.com,Female,France,Bressuire,79309 CEDEX,6416210984
228,Harold,Boorne,hboorne6b@telegraph.co.uk,Male,France,Villefranche-sur-Mer,06234 CEDEX,9447530751
229,Ezri,Golthorpp,egolthorpp6c@mayoclinic.com,Male,France,Lyon,69446 CEDEX 03,5287324330
230,Clemens,Leipold,cleipold6d@hibu.com,Male,France,Cergy-Pontoise,95032 CEDEX,4718785919
231,Mufinella,Bussons,mbussons6e@biblegateway.com,Female,France,Saint-Brieuc,22004 CEDEX 1,8122486412
232,Rolland,Darragh,rdarragh6f@arizona.edu,Male,France,Nantes,44101 CEDEX 4,6764006352
233,Judd,MacGebenay,jmacgebenay6g@pen.io,Male,France,Lyon,69488 CEDEX 03,5738436854
234,Ailey,Schulke,aschulke6h@blogspot.com,Female,France,Le Grand-Quevilly,76124 CEDEX,3627972129
235,Cayla,Petroselli,cpetroselli6i@zdnet.com,Female,France,Dijon,21030 CEDEX,7255554999
236,Alisander,Sawfoot,asawfoot6j@fc2.com,Male,France,Lille,59044 CEDEX,1019206814
237,Baudoin,Jessel,bjessel6k@qq.com,Male,France,La Rochelle,17014 CEDEX 1,8514540656
238,Barth,Stallon,bstallon6l@cbsnews.com,Male,France,Montpellier,34032 CEDEX 1,6595608711
239,Doretta,Dibben,ddibben6m@list-manage.com,Female,France,Vernon,27204 CEDEX,6246642787
240,Garrott,Kiefer,gkiefer6n@wiley.com,Male,France,Massy,91309 CEDEX,2086366269
241,Freddy,Ferebee,fferebee6o@bloglines.com,Male,France,Futuroscope,86964 CEDEX,7239349042
242,Gabbi,Bushnell,gbushnell6p@mtv.com,Female,France,Lille,59715 CEDEX 9,7787192650
243,Alfredo,Castillou,acastillou6q@foxnews.com,Male,France,Aubenas,07204 CEDEX,4243245784
244,Hugibert,Arnaldi,harnaldi6r@reference.com,Male,France,Bressuire,79309 CEDEX,3931549822
245,Amelita,Ladbury,aladbury6s@bloomberg.com,Female,France,Paris 07,75321 CEDEX 07,4043365363
246,Filide,Gibbons,fgibbons6t@wikia.com,Female,France,Tours,37922 CEDEX 9,4355116117
247,Gradey,Fairham,gfairham6u@acquirethisname.com,Male,France,Rennes,35102 CEDEX 3,9557027983
248,Elton,Goare,egoare6v@google.com.br,Male,France,Paris 09,75318 CEDEX 09,6336495067
249,Marguerite,Riddall,mriddall6w@ucoz.com,Female,France,Rueil-Malmaison,92509 CEDEX,6822455666
250,Sly,Lesor,slesor6x@cbslocal.com,Male,France,Amiens,80042 CEDEX 1,7853641156
251,Darryl,Wickerson,dwickerson6y@youku.com,Female,France,Le Mans,72052 CEDEX 2,4834359013
252,Saw,Fuke,sfuke6z@over-blog.com,Male,France,Versailles,78014 CEDEX,1188629397
253,Kimberly,Ackhurst,kackhurst70@webnode.com,Female,France,Montluçon,03104 CEDEX,2323049685
254,Vernor,Ife,vife71@answers.com,Male,France,Paris 16,75778 CEDEX 16,5526552997
255,Barbey,O'Reilly,boreilly72@desdev.cn,Female,France,Vitry-le-François,51361 CEDEX,4641410672
256,Demetris,Yes,dyes73@github.com,Male,France,Aix-en-Provence,13592 CEDEX 3,7122168176
257,Adriane,Pheazey,apheazey74@prlog.org,Female,France,Nantes,44302 CEDEX 3,6939295637
258,Ardra,Drees,adrees75@wsj.com,Female,France,Épinal,88020 CEDEX,9708938762
259,Charlton,Halfacree,chalfacree76@goo.gl,Male,France,Mont-Saint-Aignan,76821 CEDEX,9702110128
260,Peterus,Croker,pcroker77@utexas.edu,Male,France,Gennevilliers,92622 CEDEX,8951720228
261,Galven,Fairweather,gfairweather78@mac.com,Male,France,Le Havre,76086 CEDEX,8068884621
262,Mile,Du Fray,mdufray79@prlog.org,Male,France,Lyon,69362 CEDEX 07,3586080860
263,Fionnula,Prugel,fprugel7a@google.es,Female,France,Lille,59859 CEDEX,4018363202
264,Jessie,Allgood,jallgood7b@yandex.ru,Male,France,Metz,57076 CEDEX 03,7314496734
265,Loydie,Andreuzzi,landreuzzi7c@psu.edu,Male,France,Arras,62972 CEDEX 9,9562058284
266,Eileen,Swarbrigg,eswarbrigg7d@meetup.com,Female,France,Toulouse,31931 CEDEX 9,3531375689
267,Blair,Eadon,beadon7e@hubpages.com,Male,France,Périgny,17184 CEDEX,2301430892
268,Shelden,Corballis,scorballis7f@bigcartel.com,Male,France,Toulouse,31101 CEDEX 9,1418754204
269,Essy,Chezelle,echezelle7g@tripod.com,Female,France,Dijon,21009 CEDEX,6042016777
270,Humbert,Hatchman,hhatchman7h@ed.gov,Male,France,Montélimar,26204 CEDEX,1104451971
271,Vinita,Alfonso,valfonso7i@mysql.com,Female,France,Alfortville,94149 CEDEX,2336841271
272,Stesha,Chastenet,schastenet7j@typepad.com,Female,France,Toulouse,31085 CEDEX 2,7276308970
273,Alaine,Blamire,ablamire7k@jugem.jp,Female,France,Bezons,95874 CEDEX,8488425546
274,Fernanda,Sybry,fsybry7l@salon.com,Female,France,Tarbes,65004 CEDEX,3068941754
275,Tymothy,Hugenin,thugenin7m@edublogs.org,Male,France,Vichy,03209 CEDEX,5032117264
276,Denver,Kinkade,dkinkade7n@sphinn.com,Male,France,Roanne,42304 CEDEX,5802482577
277,Torrance,Freire,tfreire7o@altervista.org,Male,France,Saint-Denis,93285 CEDEX,1585776516
278,Linnie,Worshall,lworshall7p@census.gov,Female,France,Orsay,91893 CEDEX,3733853234
279,Michelina,Boyer,mboyer7q@vinaora.com,Female,France,Lomme,59468 CEDEX,1391692363
280,Nanny,Vernay,nvernay7r@chicagotribune.com,Female,France,Périgueux,24004 CEDEX,1491991952
281,Goldie,Snel,gsnel7s@huffingtonpost.com,Female,France,Chantilly,60506 CEDEX,9611989075
282,Dorita,Tavener,dtavener7t@reuters.com,Female,France,Labège,31673 CEDEX,3819087751
283,Adelaide,Cawthera,acawthera7u@wp.com,Female,France,Reims,51054 CEDEX,1209146328
284,Langston,Pirrie,lpirrie7v@wix.com,Male,France,Alençon,61015 CEDEX,3241155402
285,Olwen,Langham,olangham7w@plala.or.jp,Female,France,Bondy,93144 CEDEX,4866194182
286,Lezley,Root,lroot7x@bloglovin.com,Male,France,Creil,60922 CEDEX 9,1374324506
287,Aurie,Leaves,aleaves7y@nyu.edu,Female,France,Saint-Dizier,52109 CEDEX,7159531934
288,Patin,Glendining,pglendining7z@unc.edu,Male,France,La Roche-sur-Yon,85923 CEDEX 9,5478911588
289,Aurore,Jaycox,ajaycox80@whitehouse.gov,Female,France,Arnage,72234 CEDEX,5049503356
290,Ingmar,McQuorkel,imcquorkel81@un.org,Male,France,Besançon,25035 CEDEX,3625254305
291,Johnny,Francescuccio,jfrancescuccio82@wix.com,Male,France,Périgny,17184 CEDEX,3526734244
292,Nicolea,Lower,nlower83@instagram.com,Female,France,Futuroscope,86964 CEDEX,5008153813
293,Thom,Willsmore,twillsmore84@thetimes.co.uk,Male,France,Bastia,20403 CEDEX,7392901937
294,Auria,Lack,alack85@newyorker.com,Female,France,Laval,53085 CEDEX 9,2734934156
295,Tobiah,Tabard,ttabard86@mapquest.com,Male,France,Labège,31678 CEDEX,6845388749
296,Allina,Adriani,aadriani87@gmpg.org,Female,France,Romilly-sur-Seine,10104 CEDEX,3667868413
297,Brodie,Rolstone,brolstone88@shop-pro.jp,Male,France,Auxerre,89010 CEDEX,8844441027
298,Carey,Giraldon,cgiraldon89@miibeian.gov.cn,Male,France,Lille,59024 CEDEX,8882932082
299,Ailey,Ruselin,aruselin8a@apple.com,Female,France,Arcueil,94745 CEDEX,3105032261
300,Ogdon,Pattini,opattini8b@loc.gov,Male,France,Savigny-le-Temple,77544 CEDEX,6629871569
301,Denny,Gaspar,dgaspar8c@yandex.ru,Female,France,Pau,64039 CEDEX,2842407761
302,Tarah,Wannan,twannan8d@fda.gov,Female,France,Mende,48005 CEDEX,2327743942
303,Sal,Parkey,sparkey8e@foxnews.com,Female,France,Saint-Étienne,42021 CEDEX 1,9888749191
304,Conney,Arkill,carkill8f@irs.gov,Male,France,Moissy-Cramayel,77554 CEDEX,6994091969
305,Hadrian,Fanti,hfanti8g@google.ru,Male,France,Villejuif,94804 CEDEX,2592553465
306,Owen,Boase,oboase8h@jimdo.com,Male,France,La Rochelle,17014 CEDEX 1,4254742743
307,Stern,Gonzalvo,sgonzalvo8i@shutterfly.com,Male,France,Clichy,92119 CEDEX,8849245325
308,Obidiah,Churchin,ochurchin8j@xing.com,Male,France,Lille,59044 CEDEX,5252274517
309,Stearn,Sebborn,ssebborn8k@yellowpages.com,Male,France,Thiers,63304 CEDEX,4267849170
310,Padgett,Souster,psouster8l@weibo.com,Male,France,Le Mans,72015 CEDEX 2,3735295266
311,Carma,Merryman,cmerryman8m@barnesandnoble.com,Female,France,Cholet,49309 CEDEX,8569197954
312,Seumas,Lugard,slugard8n@vkontakte.ru,Male,France,Douarnenez,29174 CEDEX,6575912375
313,Van,Eskrigg,veskrigg8o@issuu.com,Male,France,Montpellier,34934 CEDEX 9,8315532856
314,Andreas,Lunam,alunam8p@ftc.gov,Male,France,Longjumeau,91821 CEDEX,4824539205
315,Artemis,Berrisford,aberrisford8q@hugedomains.com,Male,France,Lillers,62193 CEDEX,3298849137
316,Devora,Heselwood,dheselwood8r@instagram.com,Female,France,Angers,49023 CEDEX 02,8726329577
317,Ettore,Meacher,emeacher8s@meetup.com,Male,France,Paris 01,75038 CEDEX 01,2645784265
318,Tammi,Cordero,tcordero8t@mozilla.com,Female,France,Saverne,67704 CEDEX,1545065270
319,Ephrem,Scholler,escholler8u@ucsd.edu,Male,France,Rungis,94631 CEDEX 1,7557028142
320,Glenda,Levene,glevene8v@bloomberg.com,Female,France,Strasbourg,67961 CEDEX 9,3248998223
321,Ryan,Garley,rgarley8w@csmonitor.com,Male,France,Goussainville,95697 CEDEX,5673152979
322,Angelita,Thickin,athickin8x@hostgator.com,Female,France,Saint-Ouen,93487 CEDEX,8788807083
323,Daffi,McCarlich,dmccarlich8y@addthis.com,Female,France,Annonay,07104 CEDEX,8644896194
324,Rorke,Kenninghan,rkenninghan8z@yelp.com,Male,France,Évreux,27095 CEDEX 9,7911941330
325,Ardelia,Gratland,agratland90@biglobe.ne.jp,Female,France,Évry,91009 CEDEX,4123819782
326,Kai,Dannehl,kdannehl91@cmu.edu,Female,France,Quimper,29193 CEDEX,3337684506
327,Monty,Malthouse,mmalthouse92@wisc.edu,Male,France,Quimper,29563 CEDEX 9,3462771965
328,Katharina,Halversen,khalversen93@vistaprint.com,Female,France,Paris 17,75817 CEDEX 17,1007497567
329,Godfrey,Faughnan,gfaughnan94@apache.org,Male,France,Paris 02,75096 CEDEX 02,5058580322
330,Lewiss,Ellen,lellen95@apple.com,Male,France,Carcassonne,11020 CEDEX,7214151648
331,Rana,Norcliffe,rnorcliffe96@nymag.com,Female,France,Lomme,59463 CEDEX,7991263971
332,Deena,Tilson,dtilson97@imdb.com,Female,France,Cambrai,59407 CEDEX,5612972773
333,Tessy,Limbourne,tlimbourne98@studiopress.com,Female,France,Metz,57076 CEDEX 03,8742513685
334,Brodie,Larderot,blarderot99@dailymotion.com,Male,France,Béziers,34536 CEDEX,2444711916
335,Georgeta,Gyppes,ggyppes9a@nhs.uk,Female,France,Issoire,63504 CEDEX,6129294668
336,Kendre,Newstead,knewstead9b@reverbnation.com,Female,France,Le Havre,76059 CEDEX,6201374682
337,Caria,Prover,cprover9c@amazonaws.com,Female,France,Chartres,28034 CEDEX,8026818674
338,Brear,Finker,bfinker9d@timesonline.co.uk,Female,France,Saumur,49411 CEDEX,6855063076
339,Cull,Ick,cick9e@dyndns.org,Male,France,Vierzon,18104 CEDEX,7316677964
340,Adrea,Angric,aangric9f@mit.edu,Female,France,Vannes,56019 CEDEX,6771365937
341,Clifford,Tapscott,ctapscott9g@mysql.com,Male,France,Troyes,10014 CEDEX,4433288993
342,Cristian,Feeny,cfeeny9h@toplist.cz,Male,France,Paris 19,75929 CEDEX 19,2404297563
343,Nanine,Cicchillo,ncicchillo9i@wikispaces.com,Female,France,Nanterre,92024 CEDEX,3395710760
344,Godart,Lentsch,glentsch9j@blogs.com,Male,France,Obernai,67214 CEDEX,5661729809
345,Yvette,Dagnall,ydagnall9k@last.fm,Female,France,Houilles,78804 CEDEX,1619875314
346,Nissa,Dalziel,ndalziel9l@auda.org.au,Female,France,Brive-la-Gaillarde,19117 CEDEX,6538678240
347,Sashenka,Ogdahl,sogdahl9m@seattletimes.com,Female,France,Perpignan,66921 CEDEX,9901572641
348,Lilli,Dellar,ldellar9n@odnoklassniki.ru,Female,France,Arras,62025 CEDEX,5573224137
349,Theodoric,Bridger,tbridger9o@mashable.com,Male,France,Strasbourg,67029 CEDEX 1,7554982301
350,Luigi,Milch,lmilch9p@quantcast.com,Male,France,Lescar,64234 CEDEX,8933617880
351,Cathy,Lipgens,clipgens9q@free.fr,Female,France,Rennes,35203 CEDEX 2,4598203739
352,Anderson,Maybey,amaybey9r@simplemachines.org,Male,France,Tournon-sur-Rhône,07304 CEDEX,1983211340
353,Danica,Christal,dchristal9s@admin.ch,Female,France,Fontenay-sous-Bois,94129 CEDEX,6412463085
354,Erwin,Duns,eduns9t@cloudflare.com,Male,France,Ajaccio,20184 CEDEX 1,5431297041
355,Myron,Roll,mroll9u@apple.com,Male,France,Nice,06306 CEDEX 4,9036017630
356,Batsheva,Nerger,bnerger9v@ibm.com,Female,France,Courbevoie,92404 CEDEX,7694856327
357,Sonny,Salman,ssalman9w@fema.gov,Female,France,Mérignac,33699 CEDEX,5649675645
358,Ignatius,Murkin,imurkin9x@typepad.com,Male,France,Besançon,25045 CEDEX,5621090720
359,Berke,Yashaev,byashaev9y@usnews.com,Male,France,La Rochelle,17044 CEDEX 1,9035952174
360,Joy,Dodding,jdodding9z@blogger.com,Female,France,Tarbes,65911 CEDEX 9,7944967324
361,Franzen,Rixon,frixona0@spiegel.de,Male,France,Niort,79072 CEDEX 9,6645620649
362,Trev,Gladdor,tgladdora1@nationalgeographic.com,Male,France,Cesson-Sévigné,35513 CEDEX,2949231424
363,Leticia,Assante,lassantea2@elpais.com,Female,France,Orléans,45979 CEDEX 9,1417902006
364,August,Malamore,amalamorea3@boston.com,Male,France,Sartrouville,78504 CEDEX,6486964418
365,Pernell,Heinel,pheinela4@omniture.com,Male,France,Saint-Amand-les-Eaux,59734 CEDEX,3288353811
366,Redd,Dilks,rdilksa5@livejournal.com,Male,France,Angers,49010 CEDEX 01,3654523769
367,Giulietta,Izac,gizaca6@drupal.org,Female,France,Palaiseau,91129 CEDEX,9104534714
368,Kerwinn,Sutherel,ksutherela7@freewebs.com,Male,France,Rungis,94569 CEDEX 2,9148916002
369,Ronna,Fermin,rfermina8@nifty.com,Female,France,Beauvais,60022 CEDEX,7671267487
370,Peggi,Floyed,pfloyeda9@deliciousdays.com,Female,France,Dijon,21051 CEDEX,3605754206
371,Etti,Swaton,eswatonaa@soup.io,Female,France,Saint-Péray,07139 CEDEX,2169865989
372,Jose,Snelman,jsnelmanab@craigslist.org,Male,France,Nemours,77794 CEDEX,1881400014
373,Errol,Riccione,ericcioneac@zdnet.com,Male,France,Paris 04,75188 CEDEX 04,3875873849
374,Vevay,Seifert,vseifertad@earthlink.net,Female,France,Roissy Charles-de-Gaulle,95974 CEDEX 2,7325890157
375,Yorgo,Kopisch,ykopischae@unc.edu,Male,France,Villeneuve-sur-Lot,47304 CEDEX,8076934853
376,Theressa,Chomiszewski,tchomiszewskiaf@moonfruit.com,Female,France,Saint-Quentin,02323 CEDEX,7582000841
377,Mohammed,Millthorpe,mmillthorpeag@fema.gov,Male,France,Marseille,13382 CEDEX 13,9061467822
378,Marget,Ingry,mingryah@de.vu,Female,France,Bressuire,79309 CEDEX,6212356857
379,Phillipe,Blackster,pblacksterai@icio.us,Male,France,Saint-Jouan-des-Guérets,35435 CEDEX,4867307433
380,Leonardo,Squibb,lsquibbaj@wp.com,Male,France,Aix-en-Provence,13858 CEDEX 3,7049683093
381,Harriott,Toye,htoyeak@nih.gov,Female,France,Nanterre,92004 CEDEX,1674887688
382,Marti,McMeyler,mmcmeyleral@google.it,Female,France,Sceaux,92337 CEDEX,6075249899
383,Melvyn,Mulliner,mmullineram@pbs.org,Male,France,Niort,79072 CEDEX 9,5953257094
384,Ericka,Cescotti,ecescottian@free.fr,Female,France,Vendargues,34747 CEDEX,4691704270
385,Corey,Hartland,chartlandao@unc.edu,Female,France,Romorantin-Lanthenay,41204 CEDEX,9683794987
386,Tony,Suermeier,tsuermeierap@behance.net,Female,France,Lescar,64234 CEDEX,1682369833
387,Toby,Carradice,tcarradiceaq@army.mil,Male,France,Annonay,07104 CEDEX,8135165061
388,Giacopo,Meric,gmericar@1688.com,Male,France,Saumur,49417 CEDEX,1402305434
389,Vernice,Fosh,vfoshas@techcrunch.com,Female,France,Maisons-Alfort,94704 CEDEX,2087897012
390,Olia,Lochead,olocheadat@cam.ac.uk,Female,France,Tournon-sur-Rhône,07309 CEDEX,7263726735
391,Kennie,Chilley,kchilleyau@live.com,Male,France,Noailles,60434 CEDEX,7788595768
392,Hughie,Prater,hpraterav@usgs.gov,Male,France,Fontainebleau,77304 CEDEX,3432497022
393,Jakob,Tackett,jtackettaw@wikipedia.org,Male,France,Paris 09,75455 CEDEX 09,5954162825
394,Beverley,Huxham,bhuxhamax@utexas.edu,Female,France,Bastia,20403 CEDEX,6037937989
395,Milzie,Haggerston,mhaggerstonay@reddit.com,Female,France,Vesoul,70030 CEDEX,8306806030
396,Maggi,Tumini,mtuminiaz@tripod.com,Female,France,Bordeaux,33911 CEDEX 9,9967439872
397,Ximenez,Richt,xrichtb0@posterous.com,Male,France,Rambouillet,78514 CEDEX,4197721664
398,Fabien,Schankelborg,fschankelborgb1@gnu.org,Male,France,Orléans,45911 CEDEX 9,4776727207
399,Shina,Sieur,ssieurb2@networksolutions.com,Female,France,Bastia,20414 CEDEX 9,3593892604
400,Wilburt,Werndly,wwerndlyb3@statcounter.com,Male,France,Nevers,58004 CEDEX,1891644910
401,Lethia,Tythe,ltytheb4@ovh.net,Female,France,La Rochelle,17029 CEDEX 1,5342737136
402,Davide,Loving,dlovingb5@joomla.org,Male,France,Mulhouse,68947 CEDEX 9,1787139041
403,Nanine,McKerton,nmckertonb6@marriott.com,Female,France,Orly,94537 CEDEX,8213023356
404,Cynthea,Witter,cwitterb7@cbc.ca,Female,France,Avignon,84019 CEDEX 1,4427375260
405,Inglebert,Cutts,icuttsb8@delicious.com,Male,France,Illkirch-Graffenstaden,67404 CEDEX,8935960946
406,Marc,Wales,mwalesb9@tinyurl.com,Male,France,Caen,14008 CEDEX 1,9937819962
407,Sibeal,McCaughen,smccaughenba@arizona.edu,Female,France,Ploemeur,56274 CEDEX,7605744445
408,Niels,Boltwood,nboltwoodbb@weather.com,Male,France,Bordeaux,33070 CEDEX,3252524594
409,Inglebert,Solano,isolanobc@godaddy.com,Male,France,Caen,14097 CEDEX 9,8582908988
410,Zebulen,Sanbrooke,zsanbrookebd@ning.com,Male,France,Grenoble,38816 CEDEX 1,3107482820
411,Keri,Lamburn,klamburnbe@woothemes.com,Female,France,Marseille,13269 CEDEX 08,9146053410
412,Charlean,Childes,cchildesbf@businessinsider.com,Female,France,Poitiers,86083 CEDEX 9,7475310862
413,Doretta,Grist,dgristbg@microsoft.com,Female,France,Chambéry,73009 CEDEX,7001624824
414,Sheelah,Furnival,sfurnivalbh@1und1.de,Female,France,Lyon,69239 CEDEX 02,5707821113
415,Ferdinande,Playle,fplaylebi@icio.us,Female,France,Aix-en-Provence,13858 CEDEX 3,1417062866
416,Johnathan,Houliston,jhoulistonbj@free.fr,Male,France,Paris 05,75235 CEDEX 05,7626106371
417,Karlis,Millea,kmilleabk@geocities.jp,Male,France,Guingamp,22204 CEDEX,8141608888
418,Shawn,Miebes,smiebesbl@washington.edu,Male,France,Rouen,76418 CEDEX 9,6022638864
419,Bran,Mussalli,bmussallibm@photobucket.com,Male,France,Abbeville,80104 CEDEX,5036013870
420,Siward,Mantle,smantlebn@ow.ly,Male,France,Amiens,80020 CEDEX 9,2442446426
421,Berny,Kenaway,bkenawaybo@bbc.co.uk,Female,France,Vannes,56004 CEDEX,5887604931
422,Bronny,Yoakley,byoakleybp@wikia.com,Male,France,Caen,14908 CEDEX 9,4255972521
423,Elga,Portress,eportressbq@microsoft.com,Female,France,Port-de-Bouc,13524 CEDEX,5847140498
424,Delia,Botley,dbotleybr@ucoz.com,Female,France,Rungis,94593 CEDEX 2,6487517504
425,Curt,Mulvy,cmulvybs@hibu.com,Male,France,Rennes,35059 CEDEX,7821776804
426,Bruis,Drust,bdrustbt@msn.com,Male,France,Beaune,21209 CEDEX,8875233203
427,Griff,Callf,gcallfbu@usnews.com,Male,France,Lyon,69464 CEDEX 06,9326181456
428,Constantine,Shurey,cshureybv@wufoo.com,Female,France,Pontarlier,25304 CEDEX,3981726697
429,Aaren,Janicki,ajanickibw@phpbb.com,Female,France,La Plaine-Saint-Denis,93571 CEDEX,3547233485
430,Chryste,Shoesmith,cshoesmithbx@indiatimes.com,Female,France,Salon-de-Provence,13662 CEDEX,3592305448
431,Penrod,Scintsbury,pscintsburyby@t-online.de,Male,France,Toulouse,31079 CEDEX 5,2347464259
432,Elmer,Pomphrett,epomphrettbz@discovery.com,Male,France,Dole,39104 CEDEX,4769351019
433,Dougie,Summerfield,dsummerfieldc0@nature.com,Male,France,Levallois-Perret,92691 CEDEX,7673913594
434,Ario,Diggins,adigginsc1@weebly.com,Male,France,Dijon,21040 CEDEX,1225445227
435,Sandy,Casbourne,scasbournec2@prlog.org,Female,France,Paris 16,75784 CEDEX 16,4479014941
436,Blanca,Pietzker,bpietzkerc3@yandex.ru,Female,France,Pau,64029 CEDEX 9,6702271132
437,Emmalynne,Glandon,eglandonc4@bloglovin.com,Female,France,Moulins,03017 CEDEX,3861536747
438,Andi,Danko,adankoc5@merriam-webster.com,Female,France,Montbrison,42604 CEDEX,7548106752
439,Eugenia,Dayly,edaylyc6@princeton.edu,Female,France,Lyon,69245 CEDEX 05,9268404848
440,Lita,Larvor,llarvorc7@vimeo.com,Female,France,Cesson-Sévigné,35513 CEDEX,7326940057
441,Curt,Digger,cdiggerc8@issuu.com,Male,France,Cambrai,59407 CEDEX,2033774769
442,Mychal,Looby,mloobyc9@amazon.com,Male,France,Dijon,21009 CEDEX,3401793808
443,Leandra,Orgen,lorgenca@princeton.edu,Female,France,Castelsarrasin,82104 CEDEX,6758138842
444,Gianni,Tremmil,gtremmilcb@nymag.com,Male,France,Senlis,60309 CEDEX,6265617966
445,Klarrisa,Willerson,kwillersoncc@accuweather.com,Female,France,Puteaux,92822 CEDEX,6639172504
446,Clarabelle,McVicker,cmcvickercd@wordpress.com,Female,France,Coulommiers,77529 CEDEX,2341314642
447,Kristian,Merigon,kmerigonce@java.com,Male,France,Metz,57032 CEDEX 01,1798733972
448,Lodovico,Mogford,lmogfordcf@bluehost.com,Male,France,Arcachon,33314 CEDEX,6774115443
449,Lars,Caro,lcarocg@sphinn.com,Male,France,Pontarlier,25304 CEDEX,1152124124
450,Quill,MacPharlain,qmacpharlainch@skype.com,Male,France,Auxerre,89010 CEDEX,8353056778
451,Tedi,Kleinfeld,tkleinfeldci@about.com,Female,France,Saint-Maur-des-Fossés,94109 CEDEX,6904199586
452,Adelle,Rouchy,arouchycj@state.tx.us,Female,France,Billère,64145 CEDEX,8978170629
453,Stacy,Belasco,sbelascock@sitemeter.com,Female,France,Puget-sur-Argens,83484 CEDEX,6016150290
454,Ernesta,Gainsboro,egainsborocl@tinypic.com,Female,France,Toulon,83077 CEDEX 9,4277891365
455,Maximilian,O'Donnell,modonnellcm@slideshare.net,Male,France,Laval,53009 CEDEX,1156994903
456,Farly,Garwell,fgarwellcn@nasa.gov,Male,France,Cergy-Pontoise,95897 CEDEX,1672443123
457,Nikoletta,Reville,nrevilleco@163.com,Female,France,Paris 17,75817 CEDEX 17,7581708371
458,Thomasin,Dripps,tdrippscp@tinypic.com,Female,France,Évreux,27009 CEDEX,8561850095
459,Sheffy,Oliver-Paull,soliverpaullcq@dot.gov,Male,France,Montceau-les-Mines,71309 CEDEX,9889712213
460,Danice,Castagnone,dcastagnonecr@domainmarket.com,Female,France,Strasbourg,67073 CEDEX,5835173801
461,Angie,Esparza,aesparzacs@amazon.co.uk,Female,France,Saint-Péray,07139 CEDEX,2729651975
462,Raymond,Duddy,rduddyct@free.fr,Male,France,Saint-Quentin-en-Yvelines,78061 CEDEX,9043554997
463,Rayner,Clancy,rclancycu@vimeo.com,Male,France,Choisy-le-Roi,94604 CEDEX,9178277579
464,Joshia,Prendeguest,jprendeguestcv@bloglines.com,Male,France,Besançon,25014 CEDEX,1839247082
465,Kaitlynn,Chinnery,kchinnerycw@imgur.com,Female,France,Lille,59007 CEDEX,7199696060
466,Jose,Graben,jgrabencx@nbcnews.com,Male,France,Aubergenville,78415 CEDEX,5507582295
467,Nolly,Bayford,nbayfordcy@miitbeian.gov.cn,Male,France,Bordeaux,33070 CEDEX,8648348677
468,Stafani,Lenormand,slenormandcz@zimbio.com,Female,France,Valence,26907 CEDEX 9,6387657851
469,Louella,Huffadine,lhuffadined0@yolasite.com,Female,France,Coulommiers,77529 CEDEX,4946666672
470,Marty,Ferrini,mferrinid1@blogspot.com,Male,France,Melun,77004 CEDEX,9056214329
471,Cristy,Carding,ccardingd2@altervista.org,Female,France,Bobigny,93005 CEDEX,2494747151
472,Hillel,Gammet,hgammetd3@cyberchimps.com,Male,France,Remiremont,88204 CEDEX,8967934926
473,Rudolph,Shurville,rshurvilled4@ihg.com,Male,France,La Seyne-sur-Mer,83514 CEDEX,2374320880
474,Liv,Noden,lnodend5@usnews.com,Female,France,Montpellier,34064 CEDEX 2,4973413457
475,Hyacinthie,Brahms,hbrahmsd6@amazonaws.com,Female,France,Obernai,67214 CEDEX,4812084381
476,Otes,MacKniely,omacknielyd7@wikipedia.org,Male,France,Marseille,13907 CEDEX 20,1599764533
477,Montgomery,Jervois,mjervoisd8@china.com.cn,Male,France,Levallois-Perret,92309 CEDEX,1497659623
478,Glennis,Breslau,gbreslaud9@answers.com,Female,France,Ivry-sur-Seine,94852 CEDEX,7267951837
479,Berty,Halcro,bhalcroda@163.com,Female,France,Cognac,16104 CEDEX,2946341847
480,Marie-jeanne,O'Sesnane,mosesnanedb@flavors.me,Female,France,Perpignan,66050 CEDEX,1048692277
481,Ilysa,Bickerstaff,ibickerstaffdc@list-manage.com,Female,France,Évry,91024 CEDEX,8338449040
482,Kim,Braben,kbrabendd@google.es,Male,France,Paris 10,75480 CEDEX 10,8481060439
483,Patten,Kull,pkullde@google.pl,Male,France,Saint-Dizier,52109 CEDEX,4575929597
484,Cathie,Fazackerley,cfazackerleydf@prnewswire.com,Female,France,Paris 16,75784 CEDEX 16,1336010760
485,Kariotta,Easterfield,keasterfielddg@scribd.com,Female,France,Paris 09,75439 CEDEX 09,2196135686
486,Marlo,Abrahmer,mabrahmerdh@harvard.edu,Female,France,Creil,60922 CEDEX 9,1689898810
487,Malchy,Hales,mhalesdi@salon.com,Male,France,Guyancourt,78045 CEDEX,3654465387
488,Ganny,Zuppa,gzuppadj@engadget.com,Male,France,Metz,57045 CEDEX 01,3066276019
489,Heinrick,Surgey,hsurgeydk@usatoday.com,Male,France,Paris 01,75032 CEDEX 01,6144020067
490,Baron,Dawks,bdawksdl@elegantthemes.com,Male,France,Rungis,94569 CEDEX 2,9904586254
491,Julina,Spincke,jspinckedm@mlb.com,Female,France,Vaulx-en-Velin,69519 CEDEX,3822334139
492,Judith,Bollen,jbollendn@va.gov,Female,France,Paris 10,75480 CEDEX 10,4713131836
493,Fritz,Alfonzo,falfonzodo@cnbc.com,Male,France,Dijon,21083 CEDEX 9,9806456347
494,Lewie,Roofe,lroofedp@acquirethisname.com,Male,France,Orléans,45004 CEDEX 1,6887613310
495,Diena,Wren,dwrendq@fc2.com,Female,France,Tarbes,65951 CEDEX 9,2104562084
496,Berkie,Ivashkin,bivashkindr@blinklist.com,Male,France,Sallanches,74704 CEDEX,3166331991
497,Inge,Henriquet,ihenriquetds@webmd.com,Female,France,Clichy,92119 CEDEX,7659244587
498,Glendon,Le Fleming,gleflemingdt@ifeng.com,Male,France,Grenoble,38066 CEDEX 2,1892463227
499,Emily,Coltman,ecoltmandu@mashable.com,Female,France,Sallanches,74704 CEDEX,7369345275
500,Lay,MacDiarmond,lmacdiarmonddv@fotki.com,Male,France,Marseille,13937 CEDEX 20,2612639434
501,Natal,Daws,ndawsdw@ucsd.edu,Male,France,Bonneville,74134 CEDEX,4942510613
502,Mel,Alban,malbandx@comcast.net,Female,France,Nantes,44302 CEDEX 3,1388799861
503,Stacy,Smitheram,ssmitheramdy@salon.com,Female,France,Paris 15,75509 CEDEX 15,2985191185
504,Floris,Abrahmson,fabrahmsondz@nature.com,Female,France,Dijon,21040 CEDEX,2686219071
505,Milena,Marsie,mmarsiee0@indiegogo.com,Female,France,Châlons-en-Champagne,51039 CEDEX,4794649313
506,Lucretia,Dallison,ldallisone1@vistaprint.com,Female,France,Bordeaux,33026 CEDEX,5114594702
507,Alwin,Maldin,amaldine2@discovery.com,Male,France,Caen,14074 CEDEX 5,1249776872
508,Prissie,Morillas,pmorillase3@163.com,Female,France,Besançon,25004 CEDEX,7405446090
509,Kiele,MacMorland,kmacmorlande4@mac.com,Female,France,Pau,64004 CEDEX,9553827697
510,Peyter,Sudell,psudelle5@behance.net,Male,France,Blaye,33394 CEDEX,8594772753
511,Marijo,Tuson,mtusone6@jigsy.com,Female,France,Paris 11,75522 CEDEX 11,9057653276
512,Jobie,Stamp,jstampe7@hugedomains.com,Female,France,Clermont-Ferrand,63032 CEDEX 9,4397318656
513,Emery,Hayhoe,ehayhoee8@freewebs.com,Male,France,Brétigny-sur-Orge,91229 CEDEX,4667408500
514,Kristi,Spera,ksperae9@bizjournals.com,Female,France,Orly,94537 CEDEX,5261674481
515,Shell,Dalrymple,sdalrympleea@vinaora.com,Female,France,Caen,14922 CEDEX 9,1595983908
516,Tracie,Nockells,tnockellseb@furl.net,Male,France,Guyancourt,78045 CEDEX,3281974614
517,Dorey,Liell,dliellec@adobe.com,Male,France,Colombes,92709 CEDEX,4719434409
518,Cristen,Graalman,cgraalmaned@umn.edu,Female,France,Nîmes,30011 CEDEX 4,6653779685
519,Leyla,Bertolaccini,lbertolacciniee@mapquest.com,Female,France,Montfavet,84147 CEDEX,7125568583
520,Sheela,Vannar,svannaref@army.mil,Female,France,Issy-les-Moulineaux,92864 CEDEX 9,5076561538
521,Ivonne,Biggadyke,ibiggadykeeg@addthis.com,Female,France,Blois,41029 CEDEX,2167400522
522,Floris,Fearnall,ffearnalleh@arstechnica.com,Female,France,Vitry-le-François,51361 CEDEX,1637513996
523,Juliet,Dangl,jdanglei@wiley.com,Female,France,Chalon-sur-Saône,71332 CEDEX,7368088233
524,Daisi,Kelwick,dkelwickej@google.ru,Female,France,Chelles,77504 CEDEX,5134057279
525,Berri,Boteman,bbotemanek@gov.uk,Female,France,Avignon,84007 CEDEX 1,6675912211
526,Shane,Eastcott,seastcottel@howstuffworks.com,Male,France,Vittel,88804 CEDEX,2573895238
527,Joane,McMorran,jmcmorranem@delicious.com,Female,France,Dunkerque,59640,7313437840
528,Cammy,Keaveny,ckeavenyen@msu.edu,Female,France,Belfort,90009 CEDEX,6578453522
529,Myra,Kynd,mkyndeo@dot.gov,Female,France,Poitiers,86093 CEDEX 9,1286707951
530,Noel,Girault,ngiraultep@wikipedia.org,Male,France,Caen,14922 CEDEX 9,9163831630
531,Lisha,Sparling,lsparlingeq@mapquest.com,Female,France,Vallauris,06224 CEDEX,6325249637
532,Nealy,Geeraert,ngeeraerter@tinyurl.com,Male,France,Montauban,82004 CEDEX,7645253500
533,Thadeus,Gert,tgertes@feedburner.com,Male,France,Cachan,94234 CEDEX,1998241015
534,Rosemonde,Beauly,rbeaulyet@yolasite.com,Female,France,Aurillac,15004 CEDEX,3865197624
535,Edgardo,Kinahan,ekinahaneu@blogs.com,Male,France,Aix-en-Provence,13540,6564242496
536,Husain,Morrant,hmorrantev@sciencedaily.com,Male,France,Maromme,76152 CEDEX,5567813032
537,Ezechiel,Marsh,emarshew@gravatar.com,Male,France,Taverny,95154 CEDEX,5194899642
538,Tara,Fazackerley,tfazackerleyex@walmart.com,Female,France,Nantes,44933 CEDEX 9,7592877887
539,Steffie,Gaither,sgaitherey@smh.com.au,Female,France,Moissy-Cramayel,77554 CEDEX,4782916084
540,Austen,Doley,adoleyez@liveinternet.ru,Male,France,Issoire,63504 CEDEX,7649863131
541,Mab,Zarfat,mzarfatf0@jigsy.com,Female,France,Laval,53009 CEDEX,1642899024
542,Adah,Golland,agollandf1@nature.com,Female,France,Nantes,44911 CEDEX 9,5237476384
543,Eachelle,Montgomery,emontgomeryf2@biblegateway.com,Female,France,Périgny,17184 CEDEX,9477424026
544,Aurora,Thonason,athonasonf3@skyrock.com,Female,France,Levallois-Perret,92592 CEDEX,3196143908
545,Marylou,Shone,mshonef4@1und1.de,Female,France,Le Mans,72035 CEDEX 1,5912547694
546,Anna,Reddie,areddief5@ebay.co.uk,Female,France,Cluses,74304 CEDEX,8557349996
547,Alfons,Kendell,akendellf6@dropbox.com,Male,France,Carpiquet,14654 CEDEX,6356093383
548,Nestor,Sears,nsearsf7@canalblog.com,Male,France,La Talaudière,42355 CEDEX,7774140488
549,Brose,Rides,bridesf8@ask.com,Male,France,Montbéliard,25215 CEDEX,5073146910
550,Iggie,Cargon,icargonf9@free.fr,Male,France,Amiens,80048 CEDEX 1,3678560831
551,Jobie,Shelvey,jshelveyfa@soup.io,Female,France,Arras,62036 CEDEX,2026220496
552,Gal,Comettoi,gcomettoifb@ed.gov,Male,France,Nice,06281 CEDEX 3,1497123623
553,Gianni,Matteotti,gmatteottifc@smugmug.com,Male,France,Neuilly-sur-Seine,92527 CEDEX,5782868660
554,Pierre,Dressell,pdressellfd@addthis.com,Male,France,Saint-Avertin,37554 CEDEX,9988114178
555,Friedrich,Wagen,fwagenfe@nih.gov,Male,France,Lille,59034 CEDEX,2526089956
556,Letisha,Hinstridge,lhinstridgeff@bloglines.com,Female,France,Marseille,13293 CEDEX 08,3252281383
557,Mortie,Costellow,mcostellowfg@bravesites.com,Male,France,Marseille,13269 CEDEX 08,9866956920
558,Grace,Coopman,gcoopmanfh@yahoo.co.jp,Male,France,Saint-Étienne,42055 CEDEX 2,4779713243
559,Waite,Mertgen,wmertgenfi@guardian.co.uk,Male,France,Limoges,87066 CEDEX 2,3166022457
560,Linzy,Dunn,ldunnfj@macromedia.com,Female,France,Pantin,93504 CEDEX,6812700218
561,Creight,Bayman,cbaymanfk@imgur.com,Male,France,Valenciennes,59309 CEDEX,8669706381
562,Stavro,McCafferty,smccaffertyfl@rakuten.co.jp,Male,France,Nevers,58004 CEDEX,8568203842
563,Elita,Haines,ehainesfm@fda.gov,Female,France,Sarreguemines,57204 CEDEX,8801896551
564,Theodoric,Gibbe,tgibbefn@unblog.fr,Male,France,Marmande,47211 CEDEX,5272094320
565,Lizzie,Brigdale,lbrigdalefo@un.org,Female,France,Roscoff,29688 CEDEX,8909989844
566,Bernette,Pidgley,bpidgleyfp@google.com.au,Female,France,Rennes,35914 CEDEX 9,2749652617
567,Fairlie,Gasgarth,fgasgarthfq@nbcnews.com,Male,France,Paris 19,75934 CEDEX 19,1513216044
568,Dilan,Saltern,dsalternfr@webeden.co.uk,Male,France,Saint-Quentin-en-Yvelines,78897 CEDEX,4814056882
569,Truman,Dyble,tdyblefs@shareasale.com,Male,France,Orléans,45075 CEDEX 2,5966966839
570,Janette,Attkins,jattkinsft@deviantart.com,Female,France,Pouzauges,85708 CEDEX,4146434898
571,Elisabet,Bottrill,ebottrillfu@sakura.ne.jp,Female,France,Clermont-Ferrand,63032 CEDEX 9,1592329873
572,Chandler,Jerram,cjerramfv@t-online.de,Male,France,Créteil,94024 CEDEX,4459449683
573,Demetris,Poure,dpourefw@imageshack.us,Male,France,Roubaix,59073 CEDEX 1,1871244776
574,Cory,Da Costa,cdacostafx@mail.ru,Female,France,Nanterre,92885 CEDEX 9,7455628472
575,Andriette,Beldum,abeldumfy@sourceforge.net,Female,France,Tours,37072 CEDEX 2,9813010787
576,Elfie,Gifford,egiffordfz@ovh.net,Female,France,Poissy,78304 CEDEX,6522652668
577,Jules,Hobben,jhobbeng0@weibo.com,Male,France,Arnage,72234 CEDEX,8673848889
578,Morgun,Speirs,mspeirsg1@prnewswire.com,Male,France,Aix-en-Provence,13792 CEDEX 3,3256163662
579,Sophie,Weins,sweinsg2@techcrunch.com,Female,France,Bobigny,93909 CEDEX 9,2518881494
580,Victoir,Gaule,vgauleg3@ucsd.edu,Male,France,Sélestat,67604 CEDEX,9911248003
581,Elane,Rice,ericeg4@amazonaws.com,Female,France,Niort,79049 CEDEX 9,1994128689
582,Blisse,Feckey,bfeckeyg5@auda.org.au,Female,France,Lyon,69413 CEDEX 06,7593809788
583,Tobe,Haggarth,thaggarthg6@chronoengine.com,Male,France,Marseille,13393 CEDEX 13,7856495630
584,Cookie,Nabbs,cnabbsg7@hao123.com,Female,France,Floirac,33274 CEDEX,7813624714
585,Cad,Woolmer,cwoolmerg8@biglobe.ne.jp,Male,France,Cergy-Pontoise,95611 CEDEX,8117535215
586,Feodor,Muscott,fmuscottg9@deliciousdays.com,Male,France,Cluses,74311 CEDEX,7905853624
587,Renee,Bathurst,rbathurstga@cargocollective.com,Female,France,Pouzauges,85708 CEDEX,2662860367
588,Ebonee,Peaddie,epeaddiegb@addtoany.com,Female,France,Marseille,13382 CEDEX 13,7835958379
589,Alexei,Callan,acallangc@wikia.com,Male,France,Paris 01,75054 CEDEX 01,8067524362
590,Lottie,Jamison,ljamisongd@alexa.com,Female,France,Toulon,83087 CEDEX 9,9079440662
591,Kylen,Corbitt,kcorbittge@mapquest.com,Female,France,Puget-sur-Argens,83484 CEDEX,8708660984
592,Walt,Rankcom,wrankcomgf@macromedia.com,Male,France,Décines-Charpieu,69154 CEDEX,3894386103
593,Kylie,Habron,khabrongg@biglobe.ne.jp,Male,France,Quimper,29327 CEDEX,6017403540
594,Wilone,Gale,wgalegh@ning.com,Female,France,Le Pontet,84964 CEDEX,3651809440
595,Cyrus,Ivanaev,civanaevgi@e-recht24.de,Male,France,Paris 13,75623 CEDEX 13,6992219440
596,Sherri,Penrice,spenricegj@intel.com,Female,France,Toulouse,31019 CEDEX 2,4368318610
597,Mavra,McFeate,mmcfeategk@livejournal.com,Female,France,Saint-Étienne,42014 CEDEX 2,7709379798
598,Pinchas,Gotfrey,pgotfreygl@upenn.edu,Male,France,Tarbes,65911 CEDEX 9,5471332174
599,Cirilo,Graalmans,cgraalmansgm@squarespace.com,Male,France,Cergy-Pontoise,95046 CEDEX 1,9469934520
600,Suzy,Hyrons,shyronsgn@symantec.com,Female,France,Nantes,44094 CEDEX 1,3636603841
601,Tony,Garmanson,tgarmansongo@mashable.com,Female,France,Argenteuil,95109 CEDEX,3427775388
602,Baron,Brownlow,bbrownlowgp@aboutads.info,Male,France,Rouen,76011 CEDEX,5829191743
603,Yolanda,Parren,yparrengq@themeforest.net,Female,France,Arras,62972 CEDEX 9,4688772047
604,Kile,Hyndes,khyndesgr@forbes.com,Male,France,Dijon,21030 CEDEX,6435938943
605,Celesta,Gabbitis,cgabbitisgs@nymag.com,Female,France,Le Pontet,84964 CEDEX,5803863446
606,Daffie,Ranns,drannsgt@de.vu,Female,France,Carpentras,84204 CEDEX,4596112307
607,Brietta,Alfonsini,balfonsinigu@fc2.com,Female,France,Cognac,16104 CEDEX,9952096051
608,Meredeth,Durbann,mdurbanngv@europa.eu,Male,France,Orléans,45063 CEDEX 2,1079539700
609,Free,Hawkett,fhawkettgw@msn.com,Male,France,Paris 16,75778 CEDEX 16,7813509980
610,Rorie,Syfax,rsyfaxgx@springer.com,Female,France,Chartres,28034 CEDEX,2577558979
611,Almeta,Baskwell,abaskwellgy@example.com,Female,France,Saint-Jouan-des-Guérets,35435 CEDEX,1881189449
612,Bevan,Waters,bwatersgz@walmart.com,Male,France,Orléans,45075 CEDEX 2,8756459038
613,Albrecht,Derdes,aderdesh0@nps.gov,Male,France,Nantes,44916 CEDEX 9,9285729227
614,Adrianne,Taunton.,atauntonh1@exblog.jp,Female,France,Angoulême,16015 CEDEX,4157500052
615,Kesley,Nash,knashh2@kickstarter.com,Female,France,Limoges,87015 CEDEX 1,5801592792
616,Iolande,Bodill,ibodillh3@independent.co.uk,Female,France,Noyon,60406 CEDEX,5994714245
617,Anna-diana,Payze,apayzeh4@forbes.com,Female,France,Provins,77484 CEDEX,8113401457
618,Melitta,O'Loughnan,moloughnanh5@people.com.cn,Female,France,Grenoble,38051 CEDEX 9,2522978415
619,Myron,Dumbare,mdumbareh6@altervista.org,Male,France,Melun,77050 CEDEX,2075776849
620,Cher,Hartil,chartilh7@seattletimes.com,Female,France,Tarbes,65004 CEDEX,6321701756
621,Pierce,Bazoche,pbazocheh8@cornell.edu,Male,France,Belfort,90020 CEDEX,3569338290
622,Zsazsa,Wartnaby,zwartnabyh9@blogspot.com,Female,France,Saint-Priest-en-Jarez,42275 CEDEX,3461169776
623,Annecorinne,Navaro,anavaroha@google.com.au,Female,France,Forbach,57609 CEDEX,4644102326
624,Avrom,Snape,asnapehb@blogs.com,Male,France,Saint-Quentin,02104 CEDEX,5574346440
625,Marlow,Barnby,mbarnbyhc@va.gov,Male,France,Cherbourg-Octeville,50109 CEDEX,9121289161
626,Ellyn,Haill,ehaillhd@dot.gov,Female,France,Marseille,13348 CEDEX 20,8952846061
627,Isa,Sherel,isherelhe@google.nl,Male,France,Moulins,03006 CEDEX,3569337036
628,Gerek,Brackpool,gbrackpoolhf@nps.gov,Male,France,Marne-la-Vallée,77316 CEDEX 2,4264061892
629,Dallas,Gulston,dgulstonhg@ucsd.edu,Male,France,Montpellier,34064 CEDEX 2,2361542806
630,Priscella,Ingarfill,pingarfillhh@ocn.ne.jp,Female,France,Reims,51679 CEDEX 2,1448607613
631,Cart,Bearblock,cbearblockhi@springer.com,Male,France,Nîmes,30935 CEDEX 9,8393074122
632,Berry,MacGiffin,bmacgiffinhj@census.gov,Female,France,Paris 20,75971 CEDEX 20,2568206331
633,Lawrence,Flint,lflinthk@sphinn.com,Male,France,Blois,41942 CEDEX 9,3836122713
634,Ely,Crellin,ecrellinhl@i2i.jp,Male,France,Vanves,92174 CEDEX,5251467986
635,Torin,Wyness,twynesshm@addthis.com,Male,France,Royan,17209 CEDEX,9896793249
636,Nanon,Arguile,narguilehn@home.pl,Female,France,Colomiers,31774 CEDEX,5791077370
637,Luci,O'Carrol,locarrolho@bigcartel.com,Female,France,Cergy-Pontoise,95652 CEDEX,8213548957
638,Bernadine,Westgarth,bwestgarthhp@yellowbook.com,Female,France,Lille,59007 CEDEX,8398854490
639,Jorie,Adacot,jadacothq@odnoklassniki.ru,Female,France,Paris 16,75220 CEDEX 16,4909498541
640,Tasha,Quincey,tquinceyhr@microsoft.com,Female,France,Saint-Lô,50009 CEDEX,3112237467
641,Dag,Smales,dsmaleshs@infoseek.co.jp,Male,France,Rouen,76101 CEDEX,2656667596
642,Isidro,Craggs,icraggsht@cyberchimps.com,Male,France,Bagnères-de-Bigorre,65204 CEDEX,5339467465
643,Elaine,Greggersen,egreggersenhu@vistaprint.com,Female,France,Chambéry,73031 CEDEX,8678563821
644,Octavia,Patrone,opatronehv@adobe.com,Female,France,Montceau-les-Mines,71309 CEDEX,7269977275
645,Irwin,Maggiori,imaggiorihw@usatoday.com,Male,France,Roanne,42335 CEDEX,4621414275
646,Marlo,McPeeters,mmcpeetershx@wunderground.com,Male,France,Gap,05004 CEDEX,5043590409
647,Bron,Jarret,bjarrethy@discovery.com,Male,France,Cannes,06403 CEDEX,2105703024
648,Larine,Diche,ldichehz@elpais.com,Female,France,Mitry-Mory,77294 CEDEX,3366446610
649,Beverley,Thorneloe,bthorneloei0@addthis.com,Female,France,Bonneuil-sur-Marne,94865 CEDEX,7837728383
650,Elvyn,Bonifacio,ebonifacioi1@de.vu,Male,France,Vannes,56902 CEDEX 9,3532145652
651,Christa,Illwell,cillwelli2@comcast.net,Female,France,Cluses,74311 CEDEX,9287823820
652,Llywellyn,McAlroy,lmcalroyi3@wordpress.com,Male,France,Paris 03,75151 CEDEX 03,4143991147
653,Sigismund,Domesday,sdomesdayi4@house.gov,Male,France,Levallois-Perret,92684 CEDEX,9117267947
654,Dona,Pidduck,dpidducki5@bloomberg.com,Female,France,Paris La Défense,92077 CEDEX,2599239075
655,Wilhelm,Rentoll,wrentolli6@ed.gov,Male,France,Paris 10,75480 CEDEX 10,7166027368
656,Pamella,Norker,pnorkeri7@wired.com,Female,France,Illkirch-Graffenstaden,67404 CEDEX,1545047506
657,Tabbatha,Parkman,tparkmani8@exblog.jp,Female,France,Saint-Claude,39209 CEDEX,9516680561
658,Lyndsie,Libbis,llibbisi9@smugmug.com,Female,France,Saint-Cloud,92214 CEDEX,3626785289
659,Korella,Epp,keppia@sina.com.cn,Female,France,Poitiers,86062 CEDEX 9,7319708573
660,Sheilakathryn,Patifield,spatifieldib@sbwire.com,Female,France,Creil,60922 CEDEX 9,8454403347
661,Neale,Beden,nbedenic@google.com,Male,France,Metz,57032 CEDEX 01,3056713453
662,Chloe,Grenter,cgrenterid@unblog.fr,Female,France,Saint-Pierre-des-Corps,37705 CEDEX,6845339020
663,Mandi,Gainsborough,mgainsboroughie@statcounter.com,Female,France,Vannes,56902 CEDEX 9,3864215557
664,Land,Grainge,lgraingeif@imdb.com,Male,France,Cergy-Pontoise,95319 CEDEX,7093845152
665,Jonas,Bonavia,jbonaviaig@github.io,Male,France,Montreuil,93517 CEDEX,2566479827
666,Matthew,Snalham,msnalhamih@usda.gov,Male,France,Nice,06173 CEDEX 2,1118208160
667,Wilie,Goldsworthy,wgoldsworthyii@unicef.org,Female,France,Valence,26003 CEDEX,6022661272
668,Doyle,Dimont,ddimontij@wordpress.com,Male,France,Bobigny,93737 CEDEX 9,3333243941
669,Catriona,Vedikhov,cvedikhovik@amazon.co.uk,Female,France,Cavaillon,84309 CEDEX,4021828130
670,Molly,Shoosmith,mshoosmithil@slideshare.net,Female,France,Roissy Charles-de-Gaulle,95943 CEDEX 2,4941226456
671,Arch,Yurukhin,ayurukhinim@ucoz.com,Male,France,Strasbourg,67080 CEDEX,7219203388
672,Ephraim,Goulborn,egoulbornin@dropbox.com,Male,France,Châlons-en-Champagne,51012 CEDEX,6368056557
673,Frans,English,fenglishio@people.com.cn,Male,France,Charleville-Mézières,08107 CEDEX,2493005702
674,Mariquilla,Solland,msollandip@howstuffworks.com,Female,France,Hagondange,57304 CEDEX,3514615496
675,Hobey,Pozzi,hpozziiq@123-reg.co.uk,Male,France,Paris La Défense,92077 CEDEX,5908249756
676,Issiah,Hazart,ihazartir@dmoz.org,Male,France,Boulogne-Billancourt,92660 CEDEX,5577134091
677,Beale,Brenard,bbrenardis@php.net,Male,France,Courbevoie,92671 CEDEX,7993590744
678,Ruddy,Leyman,rleymanit@archive.org,Male,France,Angoulême,16919 CEDEX 9,5601038353
679,Archy,Meigh,ameighiu@hp.com,Male,France,Périgny,17184 CEDEX,4042212435
680,Melvin,Gormley,mgormleyiv@howstuffworks.com,Male,France,Palaiseau,91129 CEDEX,9222994724
681,Sebastian,Dibley,sdibleyiw@va.gov,Male,France,Ivry-sur-Seine,94857 CEDEX,9379812192
682,Alexandros,Cripin,acripinix@comcast.net,Male,France,Versailles,78020 CEDEX,5516898463
683,Brandyn,Leverett,bleverettiy@usa.gov,Male,France,Montluçon,03104 CEDEX,1037857437
684,Reeva,Jeram,rjeramiz@yandex.ru,Female,France,Laval,53022 CEDEX 9,4005646738
685,Emmi,Donat,edonatj0@wufoo.com,Female,France,Angers,49010 CEDEX 01,6397921058
686,Flint,Itzcak,fitzcakj1@trellian.com,Male,France,Blois,41965 CEDEX 9,2852581957
687,Matthew,Attawell,mattawellj2@reference.com,Male,France,Lens,62335 CEDEX,5289103323
688,Billy,Donaghy,bdonaghyj3@yahoo.com,Male,France,Paris La Défense,92077 CEDEX,6978548287
689,Oren,Spurgin,ospurginj4@mashable.com,Male,France,Montreuil,93517 CEDEX,9634442739
690,Melodie,Nicol,mnicolj5@cocolog-nifty.com,Female,France,Albertville,73209 CEDEX,3219999221
691,Egan,Redhead,eredheadj6@youku.com,Male,France,Paris La Défense,92036 CEDEX,9996291055
692,Angelo,Assender,aassenderj7@xinhuanet.com,Male,France,Saint-Étienne,42055 CEDEX 2,9538286611
693,Carey,Cosbee,ccosbeej8@cornell.edu,Male,France,Marseille,13327 CEDEX 15,7205139063
694,Porter,Lieber,plieberj9@goo.gl,Male,France,Montluçon,03104 CEDEX,9438972645
695,Aurie,Blasing,ablasingja@simplemachines.org,Female,France,Longjumeau,91169 CEDEX,7104911282
696,Burch,Cossons,bcossonsjb@bravesites.com,Male,France,Barr,67144 CEDEX,9161915393
697,Leonhard,Milella,lmilellajc@ebay.co.uk,Male,France,Aubervilliers,93321 CEDEX,4495718937
698,Germaine,Moodie,gmoodiejd@hugedomains.com,Female,France,Besançon,25035 CEDEX,7647741293
699,Connie,Billingsly,cbillingslyje@godaddy.com,Male,France,Caen,14922 CEDEX 9,9741870141
700,Oby,Ferentz,oferentzjf@wikimedia.org,Male,France,Laon,02004 CEDEX,6853169141
701,Prescott,Arkil,parkiljg@nymag.com,Male,France,Chartres,28034 CEDEX,4091911993
702,Bethena,Roscoe,broscoejh@cpanel.net,Female,France,Dijon,21040 CEDEX,8407908492
703,Francine,MacGahey,fmacgaheyji@npr.org,Female,France,Saint-Quentin,02323 CEDEX,1269627500
704,Hobey,Denington,hdeningtonjj@nih.gov,Male,France,Sallanches,74704 CEDEX,1107343429
705,Corella,Sillett,csillettjk@ftc.gov,Female,France,Villeurbanne,69604 CEDEX,2505819615
706,Marta,Sextie,msextiejl@narod.ru,Female,France,Carcassonne,11803 CEDEX 9,6837440900
707,Filbert,Whyard,fwhyardjm@fastcompany.com,Male,France,Laval,53009 CEDEX,7758281224
708,Carlyn,Sisey,csiseyjn@posterous.com,Female,France,Mayenne,53104 CEDEX,1439261835
709,Korella,Grzegorzewski,kgrzegorzewskijo@utexas.edu,Female,France,Clamart,92144 CEDEX,8999341361
710,Derrek,Housley,dhousleyjp@angelfire.com,Male,France,Draguignan,83300,7918038051
711,Zacharias,Hewins,zhewinsjq@oaic.gov.au,Male,France,Boulogne-Billancourt,92660 CEDEX,8153240791
712,Lorry,Risdall,lrisdalljr@scribd.com,Male,France,Aix-en-Provence,13853 CEDEX 3,9547852248
713,Ryun,Giacopetti,rgiacopettijs@topsy.com,Male,France,Meylan,38944 CEDEX,2349958710
714,Dominica,Pimerick,dpimerickjt@freewebs.com,Female,France,Aix-en-Provence,13592 CEDEX 3,2938441630
715,Elaina,Sangster,esangsterju@yahoo.com,Female,France,Carrières-sur-Seine,78424 CEDEX,5311842523
716,Alysa,Halksworth,ahalksworthjv@nsw.gov.au,Female,France,Baume-les-Dames,25117 CEDEX,2585136566
717,Tod,Kimmince,tkimmincejw@deviantart.com,Male,France,Pont-à-Mousson,54704 CEDEX,5359890836
718,Lauren,Mussolini,lmussolinijx@etsy.com,Male,France,Roissy Charles-de-Gaulle,95974 CEDEX 2,7782654253
719,Baxie,Johncey,bjohnceyjy@php.net,Male,France,Nice,06009 CEDEX 1,9639154575
720,Shermie,Folbige,sfolbigejz@wikimedia.org,Male,France,Saint-Lô,50951 CEDEX 9,9368088003
721,Francklyn,Coulthard,fcoulthardk0@ameblo.jp,Male,France,Ploemeur,56274 CEDEX,5702853737
722,Lowrance,Boffey,lboffeyk1@microsoft.com,Male,France,Marseille,13444 CEDEX 06,6606111845
723,Adan,Rozec,arozeck2@techcrunch.com,Male,France,Clichy,92613 CEDEX,7765641639
724,Arvin,Sharratt,asharrattk3@blogspot.com,Male,France,Aurillac,15015 CEDEX,8814477917
725,Keefer,Arnke,karnkek4@narod.ru,Male,France,Nancy,54046 CEDEX,2731512694
726,Banky,Hestrop,bhestropk5@freewebs.com,Male,France,Blois,41904 CEDEX 9,5196800810
727,Brandie,Trumper,btrumperk6@vimeo.com,Female,France,Antony,92762 CEDEX,9404366415
728,Ellswerth,Ceaplen,eceaplenk7@whitehouse.gov,Male,France,Aix-en-Provence,13617 CEDEX 1,9177989030
729,Lela,Harbron,lharbronk8@google.it,Female,France,Saint-Gratien,95219 CEDEX,3994860340
730,Briny,Drance,bdrancek9@theatlantic.com,Female,France,Saint-Jean-de-Védas,34435 CEDEX,4733013873
731,Carver,Neighbour,cneighbourka@gnu.org,Male,France,Deauville,14804 CEDEX,3241636445
732,Bernhard,Faireclough,bfairecloughkb@newsvine.com,Male,France,Poitiers,86093 CEDEX 9,2885547941
733,Garland,Darnborough,gdarnboroughkc@ning.com,Female,France,La Motte-Servolex,73295 CEDEX,1354590317
734,Elene,Brabon,ebrabonkd@fotki.com,Female,France,Bayonne,64109 CEDEX,6784009649
735,Heindrick,Beardsley,hbeardsleyke@addthis.com,Male,France,Creil,60315 CEDEX 5,5355843321
736,Finn,Puddin,fpuddinkf@apple.com,Male,France,Amboise,37404 CEDEX,4839749402
737,Lamont,Waddup,lwaddupkg@yellowbook.com,Male,France,Cholet,49309 CEDEX,7655787145
738,Elset,Sargood,esargoodkh@washingtonpost.com,Female,France,Toulouse,31069 CEDEX 7,1658610423
739,Carole,Cobby,ccobbyki@scientificamerican.com,Female,France,Villeneuve-la-Garenne,92393 CEDEX,5964718979
740,Randall,Trusdale,rtrusdalekj@uol.com.br,Male,France,Saint-Pierre-des-Corps,37705 CEDEX,1185086602
741,Sigvard,Cayley,scayleykk@google.de,Male,France,Marseille,13393 CEDEX 13,7271237945
742,Irita,Cusick,icusickkl@cpanel.net,Female,France,Arnage,72234 CEDEX,7174332276
743,Adria,Moodey,amoodeykm@scientificamerican.com,Female,France,Cholet,49321 CEDEX,9744215772
744,Inessa,Realff,irealffkn@mysql.com,Female,France,Vierzon,18104 CEDEX,8523085019
745,Cheston,Lilbourne,clilbourneko@mozilla.com,Male,France,Toulouse,31403 CEDEX 9,7983581756
746,Jenny,Selvey,jselveykp@miitbeian.gov.cn,Female,France,Paris 06,75270 CEDEX 06,8357025705
747,Sheppard,Schach,sschachkq@ihg.com,Male,France,Bernay,27309 CEDEX,6504479306
748,Rodd,Josland,rjoslandkr@unicef.org,Male,France,Issy-les-Moulineaux,92787 CEDEX 9,4197135167
749,Englebert,Van,evanks@msu.edu,Male,France,Clermont-Ferrand,63043 CEDEX 2,9884072245
750,Basilius,Stiegars,bstiegarskt@unesco.org,Male,France,Paris 15,75712 CEDEX 15,8576227647
751,Rutledge,Hubert,rhubertku@reverbnation.com,Male,France,Croix,59967 CEDEX,8855416474
752,Rica,De Bruijn,rdebruijnkv@flavors.me,Female,France,La Talaudière,42355 CEDEX,1448927270
753,Aidan,Fennell,afennellkw@icio.us,Female,France,Le Blanc-Mesnil,93154 CEDEX,3805781718
754,Tome,Trowbridge,ttrowbridgekx@ehow.com,Male,France,Toulouse,31004 CEDEX 6,8617345825
755,Wake,Grayshan,wgrayshanky@clickbank.net,Male,France,Rungis,94518 CEDEX 1,7865201146
756,Liv,Molan,lmolankz@ucoz.ru,Female,France,Dijon,21019 CEDEX,7249428747
757,Jill,Gadsdon,jgadsdonl0@fastcompany.com,Female,France,Valence,26907 CEDEX 9,6257809003
758,Ogdon,Breagan,obreaganl1@google.com.au,Male,France,Molsheim,67124 CEDEX,4331923596
759,Laurene,Rowley,lrowleyl2@oakley.com,Female,France,Amiens,80042 CEDEX 1,1535788752
760,Rosana,O'Lahy,rolahyl3@g.co,Female,France,Rouen,76926 CEDEX 9,1446481756
761,Lyell,Duggon,lduggonl4@networksolutions.com,Male,France,Saint-Gaudens,31804 CEDEX,1338634990
762,Thorndike,Flory,tfloryl5@wikispaces.com,Male,France,Autun,71404 CEDEX,2943458164
763,Christy,Geram,cgeraml6@walmart.com,Male,France,Arras,62036 CEDEX,3885634501
764,Tarrance,Jepperson,tjeppersonl7@booking.com,Male,France,Cergy-Pontoise,95319 CEDEX,2266306359
765,Waverley,Hele,whelel8@google.co.jp,Male,France,Noisy-le-Grand,93883 CEDEX,8646068188
766,Clareta,Houlson,choulsonl9@t.co,Female,France,Bezons,95874 CEDEX,4733312970
767,Araldo,Blanko,ablankola@vk.com,Male,France,Forbach,57609 CEDEX,1513919932
768,Gillie,Curreen,gcurreenlb@psu.edu,Female,France,Le Puy-en-Velay,43010 CEDEX,6044002100
769,Normy,Plaskitt,nplaskittlc@blogger.com,Male,France,Paris 13,75623 CEDEX 13,1456390579
770,Flor,Winders,fwindersld@posterous.com,Female,France,Guebwiller,68504 CEDEX,1842381764
771,Allyn,Lillicrop,alillicrople@imdb.com,Female,France,Beauvais,60022 CEDEX,5676318463
772,Zabrina,Gianninotti,zgianninottilf@yellowpages.com,Female,France,Martigues,13503 CEDEX,7889175379
773,Dollie,Fraanchyonok,dfraanchyonoklg@nhs.uk,Female,France,Paris 14,75669 CEDEX 14,6565643961
774,Akim,Dinneen,adinneenlh@ocn.ne.jp,Male,France,Paris 11,75542 CEDEX 11,8306655799
775,Jinny,Gallaway,jgallawayli@printfriendly.com,Female,France,Vernon,27204 CEDEX,4858283941
776,Lyndel,Pentelo,lpentelolj@oakley.com,Female,France,Paris 04,75188 CEDEX 04,2946595958
777,Ansley,Schroeder,aschroederlk@dagondesign.com,Female,France,Meaux,77109 CEDEX,3172795380
778,Filberto,Geerling,fgeerlingll@sciencedaily.com,Male,France,Annecy-le-Vieux,74944 CEDEX,4179223262
779,Guido,Cosgry,gcosgrylm@hugedomains.com,Male,France,Saint-Amand-les-Eaux,59734 CEDEX,8056567566
780,Jesselyn,Dunlap,jdunlapln@eepurl.com,Female,France,Arles,13637 CEDEX,6422167993
781,Robinette,Shewring,rshewringlo@bravesites.com,Female,France,La Motte-Servolex,73295 CEDEX,5759898430
782,Perry,Gleder,pglederlp@example.com,Male,France,Chilly-Mazarin,91384 CEDEX,9505920388
783,Louis,Grayshan,lgrayshanlq@microsoft.com,Male,France,Roissy Charles-de-Gaulle,95719 CEDEX 1,6945562273
784,Tami,Corbet,tcorbetlr@jalbum.net,Female,France,Mougins,06254 CEDEX,9618295385
785,Leeland,Passy,lpassyls@pagesperso-orange.fr,Male,France,Limoges,87041 CEDEX 1,4662820061
786,Davina,Duding,ddudinglt@ehow.com,Female,France,Limoges,87041 CEDEX 1,8897089907
787,Paige,I'anson,piansonlu@reddit.com,Female,France,Aulnay-sous-Bois,93604 CEDEX,1816562696
788,Paige,Vondracek,pvondraceklv@hostgator.com,Female,France,Lens,62304 CEDEX,4671232521
789,Drugi,Youhill,dyouhilllw@sitemeter.com,Male,France,Montbéliard,25204 CEDEX,7216670413
790,Gae,Vasilyev,gvasilyevlx@freewebs.com,Female,France,Roissy Charles-de-Gaulle,95915 CEDEX 2,2584965924
791,Corabella,O'Gavin,cogavinly@ifeng.com,Female,France,Bobigny,93909 CEDEX 9,4213384790
792,Brewer,Reinger,breingerlz@utexas.edu,Male,France,Vitry-sur-Seine,94409 CEDEX,9418185554
793,Yuma,Perin,yperinm0@t-online.de,Male,France,Marignane,13729 CEDEX,7924406025
794,Dacia,Oppie,doppiem1@usda.gov,Female,France,Lille,59715 CEDEX 9,7241532270
795,Lucias,Clear,lclearm2@squarespace.com,Male,France,Lagny-sur-Marne,77404 CEDEX,6476914691
796,Berny,Egginson,begginsonm3@over-blog.com,Female,France,Nancy,54039 CEDEX,2677318227
797,Mallory,Zimmermanns,mzimmermannsm4@wsj.com,Female,France,Vanves,92174 CEDEX,1734931023
798,Abagael,Tapper,atapperm5@posterous.com,Female,France,Montpellier,34058 CEDEX 1,6633993645
799,Brita,McBride,bmcbridem6@wordpress.com,Female,France,Metz,57016 CEDEX 01,8489160982
800,Leann,Goldes,lgoldesm7@hostgator.com,Female,France,Tours,37072 CEDEX 2,1886678798
801,Obadiah,Pargent,opargentm8@linkedin.com,Male,France,Nancy,54009 CEDEX,5179670207
802,Melisse,Hinks,mhinksm9@friendfeed.com,Female,France,Paris 07,75321 CEDEX 07,3503235285
803,Darrelle,Vannuccini,dvannuccinima@wikimedia.org,Female,France,Rennes,35704 CEDEX 7,7773898052
804,Omar,Carrel,ocarrelmb@wunderground.com,Male,France,Avignon,84902 CEDEX 9,4763377397
805,Ally,Doale,adoalemc@japanpost.jp,Female,France,Valence,26009 CEDEX,6997876850
806,Cord,Dawber,cdawbermd@mashable.com,Male,France,Billère,64145 CEDEX,9686447206
807,Arte,Clash,aclashme@biblegateway.com,Male,France,Rennes,35033 CEDEX 9,6653613539
808,Chelsy,Scartifield,cscartifieldmf@furl.net,Female,France,Nancy,54046 CEDEX,7094524234
809,Taryn,Botha,tbothamg@accuweather.com,Female,France,Paris 02,75075 CEDEX 02,1653655888
810,Mylo,Ladlow,mladlowmh@ucoz.ru,Male,France,Issy-les-Moulineaux,92787 CEDEX 9,5348324016
811,Jacquie,Tchir,jtchirmi@sun.com,Female,France,Wintzenheim,68925 CEDEX,7139031876
812,Trudi,Hunnam,thunnammj@time.com,Female,France,Clisson,44194 CEDEX,4801520309
813,Geri,Goggin,ggogginmk@vimeo.com,Female,France,Saint-Ouen,93584 CEDEX,2369816109
814,Dael,Dood,ddoodml@jugem.jp,Male,France,Mayenne,53104 CEDEX,6796255101
815,Gertrudis,Breazeall,gbreazeallmm@themeforest.net,Female,France,Amiens,80020 CEDEX 9,2805593305
816,Larine,Ardling,lardlingmn@statcounter.com,Female,France,Langres,52204 CEDEX,4499554161
817,Cole,Nani,cnanimo@pagesperso-orange.fr,Male,France,Étampes,91154 CEDEX,8955053529
818,Rosene,Turpin,rturpinmp@apache.org,Female,France,Cluses,74304 CEDEX,1901790823
819,Maximilien,Ducastel,mducastelmq@msn.com,Male,France,Clermont-Ferrand,63043 CEDEX 2,7152284968
820,Trev,Marqyes,tmarqyesmr@usnews.com,Male,France,Amiens,80042 CEDEX 1,1648836498
821,Buck,Winnister,bwinnisterms@ycombinator.com,Male,France,Chambéry,73009 CEDEX,2915028112
822,Kaile,Thornewill,kthornewillmt@mozilla.com,Female,France,Saint-Pierre-Montlimart,49117 CEDEX,2857739662
823,Kylila,Spaldin,kspaldinmu@canalblog.com,Female,France,Blagnac,31709 CEDEX,1326711051
824,Ester,Leadstone,eleadstonemv@webmd.com,Female,France,Épinal,88084 CEDEX 9,2507562431
825,Tripp,Kale,tkalemw@wikimedia.org,Male,France,Wissous,91324 CEDEX,3352064172
826,Jon,Hritzko,jhritzkomx@oakley.com,Male,France,Saint-Quentin-en-Yvelines,78897 CEDEX,2664463756
827,Lemmie,O'Gormally,logormallymy@pinterest.com,Male,France,Paris 07,75326 CEDEX 07,2896032423
828,Ruthanne,Mingauld,rmingauldmz@blogs.com,Female,France,Montpellier,34064 CEDEX 2,7616045418
829,Maurita,Soot,msootn0@google.com.br,Female,France,Marne-la-Vallée,77316 CEDEX 2,5413814935
830,Kessia,Wellbank,kwellbankn1@wufoo.com,Female,France,Salon-de-Provence,13662 CEDEX,2592959409
831,Allie,Kilmaster,akilmastern2@squidoo.com,Male,France,Paris 15,75712 CEDEX 15,6202616556
832,Brittany,Gunda,bgundan3@meetup.com,Female,France,Chamalières,63409 CEDEX,1552011825
833,Haskell,Piggot,hpiggotn4@shop-pro.jp,Male,France,Cergy-Pontoise,95809 CEDEX,5276942912
834,Humfrey,Grishukhin,hgrishukhinn5@apple.com,Male,France,Lille,59715 CEDEX 9,8758089076
835,Silvain,Warde,swarden6@sakura.ne.jp,Male,France,Évry,91982 CEDEX 9,1747626108
836,Roddie,Merida,rmeridan7@census.gov,Male,France,Grenoble,38009 CEDEX 1,9916538788
837,Thaddus,MacElholm,tmacelholmn8@sfgate.com,Male,France,Angoulême,16015 CEDEX,2353198537
838,Hollis,Feria,hferian9@photobucket.com,Male,France,Courbevoie,92671 CEDEX,5401162475
839,Rafe,Evens,revensna@apple.com,Male,France,Juvisy-sur-Orge,91265 CEDEX,3091413241
840,Deina,Carverhill,dcarverhillnb@ucoz.com,Female,France,Strasbourg,67073 CEDEX,7752222537
841,Sissy,Melbert,smelbertnc@webmd.com,Female,France,Issoire,63504 CEDEX,5643867325
842,Lusa,Ovitts,lovittsnd@tmall.com,Female,France,Pontivy,56309 CEDEX,1965766939
843,Buiron,Coltan,bcoltanne@liveinternet.ru,Male,France,Évry,91024 CEDEX,6605979694
844,Felicia,Huey,fhueynf@uol.com.br,Female,France,Argentan,61891 CEDEX 9,3332847936
845,Syman,Giraths,sgirathsng@samsung.com,Male,France,Rungis,94636 CEDEX 1,2405201283
846,Weber,Northcott,wnorthcottnh@joomla.org,Male,France,Paris 17,75817 CEDEX 17,2981227053
847,Kingston,Crasford,kcrasfordni@webnode.com,Male,France,Beaune,21209 CEDEX,6963371817
848,Griswold,Pidduck,gpidducknj@sun.com,Male,France,Locminé,56504 CEDEX,1896100250
849,Sarena,Shanklin,sshanklinnk@apache.org,Female,France,Châteauroux,36019 CEDEX,3057294263
850,Catlin,Easby,ceasbynl@wikispaces.com,Female,France,Forbach,57609 CEDEX,1329983870
851,Becki,Hayer,bhayernm@state.tx.us,Female,France,Lorient,56326 CEDEX,1196469127
852,Layla,Kluger,lklugernn@hhs.gov,Female,France,Besançon,25086 CEDEX 9,3251732469
853,Cointon,Hindge,chindgeno@pinterest.com,Male,France,Paris 01,75100 CEDEX 01,1998412251
854,Thane,Camilli,tcamillinp@princeton.edu,Male,France,Nemours,77794 CEDEX,2288425308
855,Rabi,Sayle,rsaylenq@mac.com,Male,France,Tassin-la-Demi-Lune,69814 CEDEX,9983328191
856,Heda,Wickey,hwickeynr@indiatimes.com,Female,France,Strasbourg,67073 CEDEX,1555675868
857,Shirleen,Legister,slegisterns@rediff.com,Female,France,Croix,59961 CEDEX,7232926250
858,Yorke,Blakeslee,yblakesleent@umn.edu,Male,France,Orléans,45957 CEDEX 9,8495107549
859,Laraine,Naile,lnailenu@gravatar.com,Female,France,Aubervilliers,93321 CEDEX,4856713364
860,Thornton,Whylie,twhylienv@blogtalkradio.com,Male,France,Maisons-Laffitte,78604 CEDEX,8106971683
861,Myca,Croce,mcrocenw@mashable.com,Male,France,Chartres,28009 CEDEX,1058131494
862,Cammi,Cleaves,ccleavesnx@devhub.com,Female,France,Montigny-lès-Metz,57954 CEDEX,1121274775
863,Gothart,Dickens,gdickensny@odnoklassniki.ru,Male,France,Béziers,34536 CEDEX,9081715671
864,Liza,Siss,lsissnz@zimbio.com,Female,France,La Rochelle,17073 CEDEX 9,4269839018
865,Ulises,Lillee,ulilleeo0@mapquest.com,Male,France,Mirecourt,88504 CEDEX,6866390683
866,Sig,Gentric,sgentrico1@posterous.com,Male,France,Metz,57045 CEDEX 01,7252734881
867,Edouard,Delap,edelapo2@jugem.jp,Male,France,Sélestat,67604 CEDEX,5203017467
868,Andrei,Tuck,atucko3@liveinternet.ru,Female,France,Niort,79004 CEDEX,4876720676
869,Giavani,Teliga,gteligao4@desdev.cn,Male,France,Goussainville,95697 CEDEX,3021486890
870,Dari,Rapa,drapao5@intel.com,Female,France,Rungis,94659 CEDEX 1,6272776890
871,Davis,Troker,dtrokero6@google.es,Male,France,Fontenay-sous-Bois,94124 CEDEX,8577625774
872,Donella,Driscoll,ddriscollo7@webmd.com,Female,France,Strasbourg,67013 CEDEX,6156531006
873,Jilly,Pevreal,jpevrealo8@un.org,Female,France,Orléans,45075 CEDEX 2,2894063043
874,Elmore,Juliano,ejulianoo9@ustream.tv,Male,France,Nîmes,30935 CEDEX 9,6586985762
875,Berta,Burhill,bburhilloa@java.com,Female,France,Agen,47020 CEDEX 9,3723137225
876,Eduardo,Chominski,echominskiob@ustream.tv,Male,France,Landivisiau,29404 CEDEX,7201021729
877,Clemens,Goodfield,cgoodfieldoc@bloomberg.com,Male,France,Tours,37082 CEDEX 2,8714307639
878,Shane,Blazek,sblazekod@ox.ac.uk,Male,France,Lomme,59468 CEDEX,2609173817
879,Rosita,Cummungs,rcummungsoe@liveinternet.ru,Female,France,Chennevières-sur-Marne,94434 CEDEX,2081183766
880,Roldan,Kibbey,rkibbeyof@nba.com,Male,France,Dijon,21040 CEDEX,9199110233
881,Brooks,Eidelman,beidelmanog@census.gov,Male,France,Blois,41919 CEDEX 9,5427123176
882,Chelsey,Kelleher,ckelleheroh@typepad.com,Female,France,Orléans,45045 CEDEX 1,7289199518
883,Pandora,Neave,pneaveoi@ameblo.jp,Female,France,Rennes,35087 CEDEX,1009740071
884,Mathe,Brisse,mbrisseoj@ox.ac.uk,Male,France,Nogent-sur-Marne,94734 CEDEX,5723216927
885,Rouvin,Topling,rtoplingok@hatena.ne.jp,Male,France,Dieppe,76204 CEDEX,1234600699
886,Bryna,Gorthy,bgorthyol@sciencedaily.com,Female,France,Carpentras,84977 CEDEX,6933074357
887,Christin,Kaszper,ckaszperom@redcross.org,Female,France,Wasquehal,59444 CEDEX,2093327485
888,Gnni,Bartoloma,gbartolomaon@scribd.com,Female,France,Deauville,14804 CEDEX,6968865017
889,Laryssa,Annice,lanniceoo@de.vu,Female,France,Saintes,17104 CEDEX,9073458129
890,Dukie,Anscott,danscottop@japanpost.jp,Male,France,Nantes,44094 CEDEX 1,8696701473
891,Aidan,Meadowcraft,ameadowcraftoq@eventbrite.com,Female,France,Montfavet,84147 CEDEX,5427560163
892,Rees,Harrie,rharrieor@bing.com,Male,France,Maromme,76152 CEDEX,7052651874
893,Deanna,Steeden,dsteedenos@blinklist.com,Female,France,Toulouse,31085 CEDEX 2,8455046530
894,Halette,Humpatch,hhumpatchot@unblog.fr,Female,France,Tourcoing,59339 CEDEX,6447424563
895,Melanie,Perroni,mperroniou@sogou.com,Female,France,Saint-Brieuc,22091 CEDEX 9,9536677010
896,Kelvin,Chree,kchreeov@google.cn,Male,France,Bayeux,14409 CEDEX,6843934311
897,Amby,Tadd,ataddow@rakuten.co.jp,Male,France,Avignon,84033 CEDEX 3,3875578970
898,Allyson,Francesconi,afrancesconiox@huffingtonpost.com,Female,France,Bourg-en-Bresse,01069 CEDEX 9,1764944588
899,Edlin,Braksper,ebraksperoy@liveinternet.ru,Male,France,Villefranche-sur-Mer,06239 CEDEX,2728761298
900,Sonya,Gerrett,sgerrettoz@sun.com,Female,France,L'Union,31244 CEDEX,5343323815
901,Mehetabel,Lawrance,mlawrancep0@behance.net,Female,France,Lunel,34404 CEDEX,7189027369
902,Bernete,Long,blongp1@constantcontact.com,Female,France,Châteaudun,28205 CEDEX,9286989789
903,Tedie,Chalker,tchalkerp2@youtube.com,Male,France,Paris 19,75954 CEDEX 19,3067451973
904,Haydon,Inchcomb,hinchcombp3@rediff.com,Male,France,Saint-Flour,15104 CEDEX,6032530067
905,Alyosha,Berrecloth,aberreclothp4@clickbank.net,Male,France,Orléans,45969 CEDEX 9,8309635592
906,Chickie,Caberas,ccaberasp5@auda.org.au,Female,France,Cergy-Pontoise,95032 CEDEX,4954125595
907,Huey,Risborough,hrisboroughp6@storify.com,Male,France,Blois,41976 CEDEX 9,5665871287
908,Cherey,Norville,cnorvillep7@squidoo.com,Female,France,Nanterre,92004 CEDEX,3645649534
909,Ali,Batchley,abatchleyp8@weebly.com,Male,France,Sartrouville,78504 CEDEX,3408674542
910,Kristin,Leblanc,kleblancp9@wp.com,Female,France,Hagondange,57304 CEDEX,1455203657
911,Gnni,Hrishanok,ghrishanokpa@cbc.ca,Female,France,Chamalières,63409 CEDEX,6872785317
912,Imojean,Jakolevitch,ijakolevitchpb@rakuten.co.jp,Female,France,Nanterre,92004 CEDEX,1395287720
913,Conan,Vittet,cvittetpc@360.cn,Male,France,Bordeaux,33026 CEDEX,5082669775
914,Rosella,Kellie,rkelliepd@sitemeter.com,Female,France,Perpignan,66845 CEDEX,2486413034
915,Corissa,Thirlaway,cthirlawaype@newyorker.com,Female,France,Obernai,67214 CEDEX,3121610006
916,Todd,Oxshott,toxshottpf@youku.com,Male,France,Boissy-Saint-Léger,94474 CEDEX,8591779706
917,Vinni,Greenland,vgreenlandpg@netscape.com,Female,France,Ajaccio,20184 CEDEX 1,9883856536
918,Dukey,Landy,dlandyph@prlog.org,Male,France,Nancy,54046 CEDEX,9753740062
919,Wesley,Aldersley,waldersleypi@bizjournals.com,Male,France,Paris 20,75976 CEDEX 20,1544872515
920,Hyacintha,Freddi,hfreddipj@senate.gov,Female,France,Schirmeck,67137 CEDEX,2427620801
921,Glad,Bisco,gbiscopk@nps.gov,Female,France,Dijon,21061 CEDEX,4403357934
922,Mellicent,Truelock,mtruelockpl@ucoz.ru,Female,France,La Ravoire,73494 CEDEX,1945322917
923,Fonz,Crimpe,fcrimpepm@wikispaces.com,Male,France,Blois,41015 CEDEX,5067009262
924,Myrtle,Upcraft,mupcraftpn@is.gd,Female,France,Saint-Quentin-Fallavier,38293 CEDEX,9187972257
925,Even,Arnault,earnaultpo@mapy.cz,Male,France,La Plaine-Saint-Denis,93214 CEDEX,1287205917
926,Saxe,Deguara,sdeguarapp@alibaba.com,Male,France,Draguignan,83300,8549271110
927,Aurora,Filan,afilanpq@addtoany.com,Female,France,Montélimar,26204 CEDEX,7102372847
928,Clarey,Loiterton,cloitertonpr@jimdo.com,Female,France,Évry,91029 CEDEX,5396119715
929,Ulrick,Abatelli,uabatellips@scientificamerican.com,Male,France,Besançon,25014 CEDEX,3798084071
930,Hermy,Elfitt,helfittpt@earthlink.net,Male,France,Arcachon,33314 CEDEX,1688562027
931,Elnar,Freemantle,efreemantlepu@sitemeter.com,Male,France,Paris 15,75509 CEDEX 15,2777338506
932,Ginnie,Tattersdill,gtattersdillpv@posterous.com,Female,France,Grenoble,38030 CEDEX 2,6673911717
933,Martie,Oxtiby,moxtibypw@google.com.au,Male,France,La Seyne-sur-Mer,83514 CEDEX,4304096641
934,Debby,Cund,dcundpx@sbwire.com,Female,France,Vesoul,70030 CEDEX,1268007588
935,Hermy,Lloyd,hlloydpy@indiatimes.com,Male,France,Saint-Amand-les-Eaux,59734 CEDEX,5716360913
936,Sydney,Stovold,sstovoldpz@independent.co.uk,Female,France,Pouzauges,85708 CEDEX,8906018367
937,Dottie,Lapsley,dlapsleyq0@reverbnation.com,Female,France,Dole,39104 CEDEX,2356936086
938,Edythe,Woolsey,ewoolseyq1@flavors.me,Female,France,Saint-Lô,50009 CEDEX,6385734537
939,Jillane,Clapperton,jclappertonq2@xrea.com,Female,France,Boulogne-Billancourt,92660 CEDEX,7774875505
940,Wilburt,Nursey,wnurseyq3@dailymotion.com,Male,France,L'Aigle,61304 CEDEX,3531514458
941,Melodie,Kenington,mkeningtonq4@ehow.com,Female,France,Melun,77014 CEDEX,6108050335
942,Mathew,Warham,mwarhamq5@yolasite.com,Male,France,Romilly-sur-Seine,10104 CEDEX,1975802938
943,Marya,Haylock,mhaylockq6@1688.com,Female,France,Poitiers,86093 CEDEX 9,2156445095
944,Rafaelia,Maggs,rmaggsq7@altervista.org,Female,France,Dijon,21051 CEDEX,6828567098
945,Mack,Ellgood,mellgoodq8@state.gov,Male,France,Cagnes-sur-Mer,06804 CEDEX,9284911469
946,Moina,Watson-Brown,mwatsonbrownq9@parallels.com,Female,France,Chambéry,73031 CEDEX,8219378048
947,Kipper,Henmarsh,khenmarshqa@histats.com,Male,France,Haguenau,67504 CEDEX,6655345953
948,Brittany,Sowray,bsowrayqb@icio.us,Female,France,Blois,41965 CEDEX 9,8313614592
949,Nickolas,Hallum,nhallumqc@naver.com,Male,France,Sainte-Luce-sur-Loire,44984 CEDEX,5268075533
950,Charil,Graber,cgraberqd@histats.com,Female,France,Locminé,56504 CEDEX,6391838837
951,Andreana,Jakel,ajakelqe@1688.com,Female,France,Paris 17,75808 CEDEX 17,1075509386
952,Ray,Warrell,rwarrellqf@posterous.com,Male,France,Haguenau,67504 CEDEX,7114842758
953,Ros,Wankling,rwanklingqg@tripadvisor.com,Female,France,Caen,14074 CEDEX 5,3259543380
954,Nickey,Friatt,nfriattqh@example.com,Male,France,Paris 09,75455 CEDEX 09,1032144383
955,Harmonie,Terris,hterrisqi@tamu.edu,Female,France,Aurillac,15015 CEDEX,6394808392
956,Elvis,Izzatt,eizzattqj@moonfruit.com,Male,France,Caen,14008 CEDEX 1,7379597825
957,Moe,Ferrieroi,mferrieroiqk@discovery.com,Male,France,Niort,79049 CEDEX 9,5579298462
958,Duky,Dunridge,ddunridgeql@tamu.edu,Male,France,Melun,77050 CEDEX,7464556445
959,Nickolas,Bassford,nbassfordqm@cdbaby.com,Male,France,Strasbourg,67080 CEDEX,2084136456
960,Tildie,Verryan,tverryanqn@indiatimes.com,Female,France,Sainte-Luce-sur-Loire,44984 CEDEX,6622839911
961,Olympie,Egglestone,oegglestoneqo@surveymonkey.com,Female,France,Clermont-Ferrand,63009 CEDEX 1,7979779425
962,Renault,McCamish,rmccamishqp@devhub.com,Male,France,Saint-Avertin,37554 CEDEX,6765145266
963,Freeland,Beyer,fbeyerqq@theatlantic.com,Male,France,Guérande,44356 CEDEX,4905235566
964,Lothaire,Humphrys,lhumphrysqr@ameblo.jp,Male,France,La Rochelle,17029 CEDEX 1,9732566271
965,Mata,Habert,mhabertqs@columbia.edu,Male,France,Montluel,01129 CEDEX,5644053219
966,Valentine,Phillpot,vphillpotqt@cbsnews.com,Male,France,Strasbourg,67024 CEDEX 1,9417665648
967,Patricia,Morton,pmortonqu@senate.gov,Female,France,Plérin,22194 CEDEX,9194757461
968,Sharon,Malamore,smalamoreqv@nature.com,Female,France,Lille,59895 CEDEX 9,1019161722
969,Fulton,Porrett,fporrettqw@wp.com,Male,France,Charleville-Mézières,08013 CEDEX,6534390054
970,Pauletta,Brookfield,pbrookfieldqx@stumbleupon.com,Female,France,Paris 18,75884 CEDEX 18,5201653341
971,Hastie,Liepmann,hliepmannqy@mapy.cz,Male,France,Millau,12104 CEDEX,4437957173
972,Edlin,Schaffel,eschaffelqz@mac.com,Male,France,Paris 20,75971 CEDEX 20,7492376128
973,Celina,Foynes,cfoynesr0@e-recht24.de,Female,France,Roanne,42335 CEDEX,7717136034
974,Natalina,Bletsor,nbletsorr1@economist.com,Female,France,Blois,41015 CEDEX,9157591006
975,Thayne,Freegard,tfreegardr2@baidu.com,Male,France,Paris 07,75353 SP 07,2505184176
976,Nathanil,Dovey,ndoveyr3@illinois.edu,Male,France,Mérignac,33709 CEDEX,9556148597
977,Thornton,Crucitti,tcrucittir4@blogger.com,Male,France,Nîmes,30942 CEDEX 9,4343787414
978,Merrel,Pogue,mpoguer5@hao123.com,Male,France,Montfavet,84147 CEDEX,8165281989
979,Lydie,Halson,lhalsonr6@goo.ne.jp,Female,France,Cergy-Pontoise,95021 CEDEX,2489922674
980,Lucais,Kynsey,lkynseyr7@go.com,Male,France,Boé,47555 CEDEX,3782376546
981,Harli,Newbold,hnewboldr8@intel.com,Female,France,Tarbes,65951 CEDEX 9,5193024571
982,Clementina,Arber,carberr9@ebay.com,Female,France,Paris La Défense,92907 CEDEX,5718784699
983,Vera,Colaton,vcolatonra@facebook.com,Female,France,Saint-Jean-de-Monts,85164 CEDEX,7401954410
984,Asia,Marousek,amarousekrb@last.fm,Female,France,Poitiers,86093 CEDEX 9,2485050945
985,Conny,Picken,cpickenrc@taobao.com,Male,France,Asnières-sur-Seine,92665 CEDEX,1663324649
986,Pincus,Cantillion,pcantillionrd@youtu.be,Male,France,Arras,62070 CEDEX 9,1334189032
987,Bryon,Benzie,bbenziere@cbc.ca,Male,France,Méru,60116 CEDEX,5113131405
988,Alexis,Albury,aalburyrf@woothemes.com,Male,France,La Ferté-Bernard,72404 CEDEX,4691887258
989,Fred,Varnals,fvarnalsrg@furl.net,Male,France,Toulouse,31201 CEDEX 2,8001947144
990,Kendall,Benninger,kbenningerrh@about.me,Male,France,Colmar,68020 CEDEX,2118710327
991,Reta,Pimm,rpimmri@google.de,Female,France,Paris La Défense,92974 CEDEX,5647091347
992,Ephrem,McLellan,emclellanrj@tripod.com,Male,France,Agen,47020 CEDEX 9,4656885899
993,Caldwell,Golthorpp,cgolthorpprk@pagesperso-orange.fr,Male,France,Marseille,13192 CEDEX 20,3987463089
994,Granville,Lowings,glowingsrl@phoca.cz,Male,France,Lille,59024 CEDEX,7936494915
995,Boris,Stuckes,bstuckesrm@answers.com,Male,France,Saint-Étienne,42045 CEDEX 1,2535493405
996,Paco,Fulep,pfuleprn@washington.edu,Male,France,Saint-Flour,15104 CEDEX,6687406106
997,Baryram,Tidswell,btidswellro@hatena.ne.jp,Male,France,Dijon,21061 CEDEX,5257884796
998,Johan,Osmant,josmantrp@dell.com,Male,France,Antony,92762 CEDEX,4286968136
999,Ellyn,Botten,ebottenrq@msn.com,Female,France,Guyancourt,78045 CEDEX,7846836442
1000,Adler,Grimditch,agrimditchrr@hud.gov,Male,France,Paris 19,75929 CEDEX 19,4058442653
